PLAYER_ID,PLAYER_NAME,NICKNAME,TEAM_ID,TEAM_ABBREVIATION,AGE,GP,W,L,W_PCT,MIN,FGM,FGA,FG_PCT,FG3M,FG3A,FG3_PCT,FTM,FTA,FT_PCT,OREB,DREB,REB,AST,TOV,STL,BLK,BLKA,PF,PFD,PTS,PLUS_MINUS,NBA_FANTASY_PTS,DD2,TD3,WNBA_FANTASY_PTS,GP_RANK,W_RANK,L_RANK,W_PCT_RANK,MIN_RANK,FGM_RANK,FGA_RANK,FG_PCT_RANK,FG3M_RANK,FG3A_RANK,FG3_PCT_RANK,FTM_RANK,FTA_RANK,FT_PCT_RANK,OREB_RANK,DREB_RANK,REB_RANK,AST_RANK,TOV_RANK,STL_RANK,BLK_RANK,BLKA_RANK,PF_RANK,PFD_RANK,PTS_RANK,PLUS_MINUS_RANK,NBA_FANTASY_PTS_RANK,DD2_RANK,TD3_RANK,WNBA_FANTASY_PTS_RANK
203932,Aaron Gordon,Aaron,1610612743,DEN,27.0,15,12,3,0.8,35.6,4.8,9.8,0.49,0.9,2.5,0.351,2.5,3.6,0.704,2.7,2.9,5.5,2.5,1.1,0.5,0.7,1.1,2.9,2.8,13.0,8.4,25.6,1,0,24.1,20,1,137,12,39,55,57,68,103,106,76,39,36,112,15,82,48,58,67,109,38,23,30,42,54,4,58,33,5,58
1628988,Aaron Holiday,Aaron,1610612737,ATL,26.0,1,1,0,1.0,3.9,0.0,0.0,0.0,0.0,0.0,0.0,0.0,0.0,0.0,0.0,0.0,0.0,1.0,1.0,0.0,0.0,0.0,0.0,0.0,0.0,-3.0,0.5,0,0,1.0,202,132,206,1,177,189,208,189,153,182,153,162,164,162,165,198,201,107,71,159,145,135,188,182,194,149,205,58,5,197
201143,Al Horford,Al,1610612738,BOS,36.0,18,10,8,0.556,30.6,2.6,6.6,0.39,1.4,4.8,0.299,0.2,0.2,0.75,1.6,5.6,7.1,3.1,0.6,1.2,1.8,0.1,2.2,0.4,6.7,4.2,28.1,1,0,24.2,1,17,1,54,56,102,94,144,66,51,110,155,160,95,38,26,29,45,123,30,6,134,74,149,105,13,50,33,5,56
203458,Alex Len,Alex,1610612758,SAC,29.0,7,3,4,0.429,7.8,1.0,1.3,0.778,0.0,0.0,0.0,0.7,0.9,0.833,1.0,1.9,2.9,0.1,1.0,0.0,0.4,0.1,2.1,0.9,2.7,3.4,6.6,0,0,6.6,79,87,53,109,155,146,174,7,153,182,153,106,115,67,64,114,107,181,71,159,64,122,77,118,150,25,142,58,5,140
1629599,Amir Coffey,Amir,1610612746,LAC,25.0,1,0,1,0.0,1.0,0.0,0.0,0.0,0.0,0.0,0.0,0.0,0.0,0.0,0.0,0.0,0.0,0.0,0.0,0.0,0.0,0.0,0.0,0.0,0.0,-2.0,0.0,0,0,0.0,202,188,183,188,214,189,208,189,153,182,153,162,164,162,165,198,201,184,182,159,145,135,188,182,194,130,210,58,5,210
203952,Andrew Wiggins,Andrew,1610612744,GSW,28.0,13,6,7,0.462,34.0,6.4,13.9,0.459,1.5,4.9,0.297,2.5,3.6,0.681,1.8,3.8,5.6,1.9,1.3,0.8,1.2,0.8,3.5,3.2,16.7,3.1,31.0,0,0,29.7,32,43,15,101,46,38,36,91,65,48,111,40,35,116,25,60,47,73,57,51,17,44,8,37,39,29,40,58,5,46
203076,Anthony Davis,Anthony,1610612747,LAL,30.0,16,8,8,0.5,38.0,8.3,15.9,0.52,0.3,0.9,0.333,5.8,6.8,0.852,2.4,11.7,14.1,2.6,2.1,1.4,3.1,1.0,2.9,5.3,22.6,3.4,54.7,13,0,48.5,8,25,1,74,23,20,29,51,129,147,83,8,10,60,19,1,1,55,35,20,1,25,32,11,24,26,5,1,5,10
1630162,Anthony Edwards,Anthony,1610612750,MIN,21.0,5,1,4,0.2,39.7,11.0,22.8,0.482,3.0,8.6,0.349,6.6,7.8,0.846,0.6,4.4,5.0,5.2,1.6,1.8,2.0,0.6,2.6,5.0,31.6,-3.0,55.2,0,0,52.4,116,132,53,157,7,5,4,71,5,6,78,5,6,62,102,44,56,26,48,8,3,54,43,14,3,149,3,58,5,4
1630237,Anthony Lamb,Anthony,1610612744,GSW,25.0,6,3,3,0.5,5.2,0.3,0.8,0.4,0.2,0.7,0.25,0.0,0.0,0.0,0.2,0.8,1.0,0.0,0.3,0.2,0.2,0.0,0.5,0.0,0.8,-0.7,2.7,0,0,2.7,94,87,137,74,169,180,193,133,140,155,126,162,164,162,159,162,156,184,147,148,130,135,168,182,181,98,181,58,5,179
1630559,Austin Reaves,Austin,1610612747,LAL,24.0,16,8,8,0.5,36.2,5.6,12.1,0.464,2.4,5.5,0.443,3.2,3.6,0.895,1.3,3.2,4.4,4.6,1.6,0.6,0.2,0.8,2.4,3.3,16.9,4.6,29.9,0,0,29.9,8,25,1,74,35,43,48,85,26,39,30,33,38,39,49,69,69,30,51,77,125,37,57,36,38,12,45,58,5,43
203085,Austin Rivers,Austin,1610612750,MIN,30.0,4,1,3,0.25,11.6,1.0,2.0,0.5,0.5,1.5,0.333,0.0,0.0,0.0,0.3,1.0,1.3,0.3,0.3,0.3,0.0,0.0,0.3,0.3,2.5,-5.0,4.9,0,0,5.0,151,132,137,150,140,146,155,57,116,123,83,162,164,162,144,142,151,169,160,136,145,135,182,162,153,181,156,58,5,152
1628389,Bam Adebayo,Bam,1610612748,MIA,25.0,16,11,5,0.688,34.5,7.1,13.9,0.514,0.0,0.1,0.0,3.3,4.1,0.788,2.4,6.5,8.9,3.6,2.9,1.1,0.6,0.8,3.4,4.9,17.5,2.8,35.5,5,1,33.2,8,8,26,23,44,28,37,53,153,179,153,32,32,83,19,17,15,38,22,34,45,45,10,18,37,33,29,6,2,33
202687,Bismack Biyombo,Bismack,1610612756,PHX,30.0,8,4,4,0.5,9.8,1.1,2.0,0.563,0.0,0.0,0.0,1.1,2.3,0.5,1.3,2.1,3.4,0.8,0.8,0.0,1.3,0.0,2.3,1.3,3.4,-2.6,11.6,0,0,10.0,73,75,53,74,148,145,155,32,153,182,153,81,54,145,49,105,89,130,105,159,15,135,69,86,139,146,126,58,5,130
201933,Blake Griffin,Blake,1610612738,BOS,34.0,1,0,1,0.0,5.9,0.0,1.0,0.0,0.0,0.0,0.0,0.0,0.0,0.0,1.0,1.0,2.0,0.0,0.0,0.0,0.0,0.0,2.0,0.0,0.0,0.0,2.4,0,0,2.0,202,188,183,188,164,189,181,189,153,182,153,162,164,162,64,142,121,184,182,159,145,135,85,182,194,76,185,58,5,186
1626171,Bobby Portis,Bobby,1610612749,MIL,28.0,5,1,4,0.2,21.5,4.0,8.2,0.488,1.0,3.6,0.278,0.6,0.6,1.0,2.0,6.2,8.2,1.2,0.8,0.6,0.4,0.0,3.0,1.4,9.6,0.2,23.4,1,0,22.0,116,132,53,157,99,69,75,69,90,83,116,115,132,1,23,19,19,98,99,79,67,135,21,81,77,72,67,33,5,67
203992,Bogdan Bogdanovic,Bogdan,1610612737,ATL,30.0,6,2,4,0.333,26.1,5.0,9.0,0.556,2.5,5.5,0.455,0.8,1.2,0.714,0.3,2.7,3.0,2.5,0.5,1.0,0.8,0.0,2.7,1.2,13.3,2.7,25.7,0,0,25.0,94,103,53,126,80,51,62,34,23,39,27,96,94,109,130,88,97,56,126,38,29,135,38,93,50,35,57,58,5,53
1630538,Bones Hyland,Bones,1610612746,LAC,22.0,5,1,4,0.2,16.5,3.0,8.8,0.341,1.0,4.0,0.25,1.6,2.0,0.8,0.2,0.6,0.8,0.8,0.8,0.8,0.2,1.0,1.8,1.4,8.6,3.2,13.0,0,0,13.2,116,132,53,157,123,91,65,163,90,67,126,57,57,79,151,174,173,125,99,58,111,25,99,81,87,28,117,58,5,114
1630527,Brandon Boston Jr.,Brandon,1610612746,LAC,21.0,1,0,1,0.0,1.0,0.0,0.0,0.0,0.0,0.0,0.0,0.0,0.0,0.0,0.0,0.0,0.0,0.0,1.0,0.0,0.0,0.0,0.0,0.0,0.0,-2.0,-1.0,0,0,0.0,202,188,183,188,214,189,208,189,153,182,153,162,164,162,165,198,201,184,71,159,145,135,188,182,194,130,215,58,5,210
201572,Brook Lopez,Brook,1610612749,MIL,35.0,5,1,4,0.2,36.3,7.8,13.4,0.582,1.4,3.4,0.412,2.0,2.6,0.769,2.8,3.6,6.4,1.2,2.2,1.4,1.8,0.4,2.0,2.6,19.0,-5.8,35.9,2,0,34.4,116,132,53,157,34,24,40,22,67,86,37,46,47,88,14,64,36,98,30,19,5,71,85,48,30,193,26,20,5,29
1628971,Bruce Brown,Bruce,1610612743,DEN,26.0,15,12,3,0.8,26.5,4.6,8.7,0.531,0.7,2.5,0.289,2.3,2.5,0.895,0.7,3.2,3.9,2.2,1.0,1.1,0.3,0.7,2.8,1.7,12.2,5.3,23.3,0,0,21.8,20,1,137,12,78,58,68,43,107,103,112,44,50,39,91,68,81,62,71,33,78,46,34,65,58,9,68,58,5,71
1628997,Caleb Martin,Caleb,1610612748,MIA,27.0,16,11,5,0.688,29.2,4.8,8.6,0.555,1.9,4.7,0.413,1.5,1.8,0.828,1.1,3.8,4.9,1.6,1.0,0.8,0.3,0.3,2.2,1.6,12.9,5.6,23.6,1,0,23.6,8,8,26,23,67,56,70,36,44,54,36,59,65,73,63,58,61,83,71,57,87,86,73,76,55,8,66,33,5,61
1630560,Cam Thomas,Cam,1610612751,BKN,21.0,2,0,2,0.0,7.8,1.5,3.5,0.429,0.0,1.0,0.0,0.0,0.0,0.0,0.0,0.5,0.5,0.5,0.5,0.0,0.0,0.0,1.0,0.0,3.0,-6.5,3.9,0,0,4.0,184,188,164,188,154,132,135,107,153,133,153,162,164,162,165,175,183,148,126,159,145,135,139,182,144,200,167,58,5,164
1629661,Cameron Johnson,Cameron,1610612751,BKN,27.0,4,0,4,0.0,38.0,7.0,13.8,0.509,3.0,7.0,0.429,1.5,1.8,0.857,0.8,5.0,5.8,2.8,1.3,0.8,0.3,1.3,2.5,3.8,18.5,-8.8,31.3,1,0,32.0,151,188,53,188,24,29,39,54,5,16,33,59,70,58,84,32,44,51,60,64,100,13,49,32,33,209,39,33,5,35
1626166,Cameron Payne,Cameron,1610612756,PHX,28.0,7,3,4,0.429,21.8,3.3,6.9,0.479,1.6,3.9,0.407,0.0,0.4,0.0,0.0,2.0,2.0,2.9,1.3,0.4,0.3,0.1,2.1,0.7,8.1,-4.4,15.7,0,0,16.0,79,87,53,109,98,87,89,74,61,74,41,162,148,162,165,106,121,48,59,112,93,122,77,128,93,174,100,58,5,95
1627747,Caris LeVert,Caris,1610612739,CLE,28.0,5,1,4,0.2,33.9,5.4,12.6,0.429,2.6,7.2,0.361,1.6,2.6,0.615,0.8,3.8,4.6,2.6,1.0,0.4,0.2,0.2,2.0,3.0,15.0,-6.2,25.2,0,0,26.0,116,132,53,157,47,48,45,107,18,15,70,57,47,136,77,59,65,53,71,117,111,105,85,40,45,197,60,58,5,51
1626224,Cedi Osman,Cedi,1610612739,CLE,28.0,5,1,4,0.2,18.6,1.8,5.0,0.36,1.2,4.0,0.3,1.2,1.8,0.667,0.2,2.8,3.0,1.0,1.0,0.4,0.2,0.2,2.4,1.2,6.0,-5.2,11.9,0,0,12.4,116,132,53,157,109,123,108,157,75,67,108,73,66,118,151,85,97,107,71,117,111,105,58,89,115,183,124,58,5,119
1629002,Chimezie Metu,Chimezie,1610612758,SAC,26.0,3,1,2,0.333,2.0,0.0,0.3,0.0,0.0,0.0,0.0,0.7,1.0,0.667,0.3,0.0,0.3,0.0,0.3,0.0,0.0,0.0,0.0,0.3,0.7,2.7,0.7,0,0,1.0,174,132,164,126,211,189,205,189,153,182,153,109,98,118,130,198,194,184,147,159,145,135,188,153,185,35,202,58,5,197
101108,Chris Paul,Chris,1610612756,PHX,38.0,7,4,3,0.571,35.8,5.4,13.0,0.418,1.3,4.0,0.321,0.3,0.6,0.5,0.7,4.3,5.0,7.4,1.0,1.7,0.7,0.7,2.3,1.1,12.4,5.6,35.9,1,0,31.0,79,75,137,53,38,46,42,124,71,67,102,145,134,145,87,47,56,6,71,12,36,49,67,97,57,7,27,33,5,39
1631128,Christian Braun,Christian,1610612743,DEN,22.0,14,11,3,0.786,11.8,0.9,2.0,0.429,0.1,0.6,0.222,0.4,0.7,0.6,0.6,1.5,2.1,0.4,0.5,0.4,0.1,0.2,1.6,0.5,2.3,0.1,6.5,0,0,6.0,31,8,137,19,139,159,155,107,146,158,139,134,125,137,108,128,120,160,126,112,133,104,112,136,158,75,144,58,5,143
203991,Clint Capela,Clint,1610612737,ATL,29.0,6,2,4,0.333,25.2,3.8,6.3,0.605,0.0,0.0,0.0,0.7,1.0,0.667,2.5,5.8,8.3,0.5,0.7,1.0,0.5,1.0,0.8,1.2,8.3,-4.7,22.9,2,0,20.2,94,103,53,126,86,73,97,16,153,182,153,109,98,118,17,20,17,148,114,38,48,25,155,93,90,178,71,20,5,76
203469,Cody Zeller,Cody,1610612748,MIA,30.0,15,10,5,0.667,9.7,1.2,2.1,0.581,0.0,0.0,0.0,0.3,0.9,0.385,0.6,2.3,2.9,0.4,0.7,0.1,0.2,0.3,1.4,0.9,2.7,1.3,7.0,0,0,6.7,20,17,26,29,151,143,154,23,153,182,153,138,113,159,102,98,106,159,108,154,111,94,125,117,149,52,139,58,5,139
1626156,D'Angelo Russell,D'Angelo,1610612747,LAL,27.0,16,8,8,0.5,29.5,5.2,12.2,0.426,1.7,5.4,0.31,1.3,1.6,0.769,0.6,2.3,2.9,4.6,1.8,0.7,0.3,0.2,2.0,2.3,13.3,0.5,25.0,1,0,24.6,8,25,1,74,63,50,46,115,57,42,105,71,74,88,100,97,105,29,42,70,87,114,85,54,51,66,62,33,5,55
1629610,DaQuan Jeffries,DaQuan,1610612752,NYK,25.0,2,1,1,0.5,2.3,0.0,0.0,0.0,0.0,0.0,0.0,0.0,0.0,0.0,0.0,0.0,0.0,0.0,0.0,0.0,0.0,0.0,1.0,0.5,0.0,-3.0,0.0,0,0,0.0,184,132,183,74,209,189,208,189,153,182,153,162,164,162,165,198,201,184,182,159,145,135,139,136,194,149,210,58,5,210
1627814,Damion Lee,Damion,1610612756,PHX,30.0,8,4,4,0.5,11.1,0.8,2.5,0.3,0.4,1.9,0.2,0.3,0.3,1.0,0.5,0.9,1.4,0.6,0.1,0.3,0.0,0.3,1.0,0.3,2.1,0.0,5.3,0,0,5.0,73,75,53,74,142,162,146,173,126,115,141,147,157,1,112,159,147,142,180,136,145,95,139,162,161,76,149,58,5,152
201980,Danny Green,Danny,1610612739,CLE,35.0,4,1,3,0.25,9.9,0.3,1.3,0.2,0.3,1.0,0.25,0.0,0.0,0.0,0.5,1.3,1.8,0.3,0.5,0.5,0.3,0.3,1.8,0.0,0.8,-3.3,5.0,0,0,4.5,151,132,137,150,146,181,175,187,131,133,126,162,164,162,112,138,132,169,126,97,100,95,104,182,184,156,153,58,5,158
1627863,Danuel House Jr.,Danuel,1610612755,PHI,29.0,7,3,4,0.429,6.0,1.3,3.0,0.429,0.1,1.4,0.1,0.1,0.1,1.0,0.0,1.7,1.7,0.1,0.1,0.0,0.0,0.3,0.6,0.1,2.9,-3.6,5.0,0,0,4.9,79,87,53,109,161,141,144,107,146,126,151,160,163,1,165,122,133,181,179,159,145,88,166,175,148,161,152,58,5,155
1629636,Darius Garland,Darius,1610612739,CLE,23.0,5,1,4,0.2,37.7,7.0,16.0,0.438,2.4,6.2,0.387,4.2,5.0,0.84,0.0,1.8,1.8,5.0,3.6,1.6,0.2,0.4,3.4,4.4,20.6,-3.6,32.1,1,0,33.4,116,132,53,157,26,29,28,101,27,26,54,24,26,66,165,117,131,27,8,15,111,71,11,24,26,162,37,33,5,32
1630561,David Duke Jr.,David,1610612751,BKN,23.0,1,0,1,0.0,4.7,1.0,3.0,0.333,0.0,1.0,0.0,0.0,0.0,0.0,0.0,0.0,0.0,0.0,1.0,0.0,0.0,0.0,1.0,1.0,2.0,-4.0,1.0,0,0,2.0,202,188,183,188,171,146,144,165,153,133,153,162,164,162,165,198,201,184,71,159,145,135,139,102,162,167,201,58,5,186
1631223,David Roddy,David,1610612763,MEM,22.0,6,2,4,0.333,12.6,1.3,4.8,0.276,1.0,3.3,0.3,0.2,0.2,1.0,0.7,2.2,2.8,0.7,0.2,0.0,0.3,0.3,1.0,0.2,3.8,-5.3,9.1,0,0,9.0,94,103,53,126,136,135,112,177,90,89,108,155,161,1,91,102,108,138,173,159,78,81,139,173,135,185,134,58,5,135
1630558,Davion Mitchell,Davion,1610612758,SAC,24.0,7,3,4,0.429,20.0,2.7,6.6,0.413,1.0,3.9,0.259,0.7,0.9,0.833,0.4,0.9,1.3,1.7,0.9,0.9,0.1,0.3,1.0,0.9,7.1,-3.3,13.4,0,0,13.1,79,87,53,109,106,99,93,128,90,74,123,106,115,67,124,160,150,80,96,50,133,88,139,118,100,157,114,58,5,116
1630549,Day'Ron Sharpe,Day'Ron,1610612751,BKN,21.0,2,0,2,0.0,9.8,1.0,1.5,0.667,0.0,0.0,0.0,1.0,1.0,1.0,1.0,2.0,3.0,2.5,1.0,0.0,0.5,0.0,1.5,0.5,3.0,-4.5,10.9,0,0,9.5,184,188,164,188,147,146,169,9,153,182,153,84,98,1,64,106,97,56,71,159,48,135,119,136,144,175,129,58,5,132
1628368,De'Aaron Fox,De'Aaron,1610612758,SAC,25.0,7,3,4,0.429,38.5,10.0,23.6,0.424,3.0,9.0,0.333,4.4,5.9,0.756,1.7,3.7,5.4,7.7,4.0,2.1,0.6,1.0,3.3,5.0,27.4,-2.9,49.7,1,0,49.0,79,87,53,109,16,8,3,119,5,3,83,20,18,94,31,62,51,5,2,1,44,25,16,14,12,147,11,33,5,8
1629631,De'Andre Hunter,De'Andre,1610612737,ATL,25.0,6,2,4,0.333,37.4,6.5,14.2,0.459,2.3,6.3,0.368,1.3,1.7,0.8,1.2,4.5,5.7,1.2,1.5,0.7,0.3,0.7,3.3,2.5,16.7,-2.3,26.7,1,0,27.8,94,103,53,126,30,35,33,90,31,24,63,65,72,79,54,40,46,101,52,71,78,51,14,49,40,140,54,33,5,49
1629001,De'Anthony Melton,De'Anthony,1610612755,PHI,24.0,11,7,4,0.636,24.9,2.8,7.4,0.383,1.7,4.5,0.388,0.5,0.7,0.75,1.3,2.0,3.3,1.6,0.7,1.2,0.8,0.5,1.8,0.9,7.9,0.4,19.6,0,0,18.5,46,33,53,34,89,96,84,146,54,59,53,119,124,95,47,106,91,81,110,28,30,60,98,115,94,68,84,58,5,86
201599,DeAndre Jordan,DeAndre,1610612743,DEN,34.0,3,2,1,0.667,3.5,0.7,1.0,0.667,0.0,0.0,0.0,0.3,0.7,0.5,0.0,1.3,1.3,0.3,0.7,0.0,0.0,0.0,0.7,0.3,1.7,3.0,3.1,0,0,3.3,174,103,183,29,185,166,181,9,153,182,153,138,127,145,165,134,148,161,114,159,145,135,163,153,169,30,175,58,5,171
1629731,Dean Wade,Dean,1610612739,CLE,26.0,2,0,2,0.0,5.6,0.0,0.5,0.0,0.0,0.5,0.0,1.0,1.0,1.0,0.0,1.5,1.5,0.0,0.0,0.0,0.0,0.0,0.0,1.0,1.0,-4.0,2.8,0,0,2.5,184,188,164,188,166,189,200,189,153,160,153,84,98,1,165,128,140,184,182,159,145,135,188,102,178,167,178,58,5,180
1629028,Deandre Ayton,Deandre,1610612756,PHX,24.0,10,6,4,0.6,31.9,6.1,11.1,0.55,0.0,0.0,0.0,1.2,2.3,0.522,2.9,6.8,9.7,1.0,1.7,0.6,0.7,0.8,3.5,2.1,13.4,-2.0,28.7,4,0,26.7,63,43,53,44,54,40,50,37,153,182,153,73,53,144,12,13,12,107,45,79,37,38,6,59,49,130,49,10,5,50
1627749,Dejounte Murray,Dejounte,1610612737,ATL,26.0,5,1,4,0.2,38.1,9.2,20.6,0.447,2.8,7.4,0.378,1.8,1.8,1.0,1.8,5.4,7.2,6.8,2.0,2.0,0.2,1.4,1.4,1.6,23.0,-6.8,46.4,1,0,44.2,116,132,53,157,22,14,13,99,13,13,58,52,66,1,27,27,28,12,37,3,111,9,125,72,22,202,15,33,5,16
203471,Dennis Schroder,Dennis,1610612747,LAL,29.0,16,8,8,0.5,26.1,2.6,6.4,0.398,0.8,2.4,0.333,1.4,1.8,0.821,0.2,1.8,1.9,2.9,1.3,1.0,0.2,0.4,2.5,1.6,7.4,2.8,16.3,0,0,15.4,8,25,1,74,81,101,95,140,105,107,83,62,70,74,158,120,129,47,60,38,125,79,49,69,98,33,96,58,5,99
201565,Derrick Rose,Derrick,1610612752,NYK,34.0,1,1,0,1.0,2.5,0.0,4.0,0.0,0.0,1.0,0.0,0.0,0.0,0.0,0.0,0.0,0.0,1.0,0.0,0.0,0.0,0.0,0.0,0.0,0.0,-7.0,1.5,0,0,1.0,202,132,206,1,205,189,126,189,153,133,153,162,164,162,165,198,201,107,182,159,145,135,188,182,194,204,192,58,5,197
1628401,Derrick White,Derrick,1610612738,BOS,28.0,18,10,8,0.556,28.6,4.7,9.0,0.519,2.5,5.2,0.479,1.4,1.5,0.926,0.6,2.3,2.9,1.9,0.9,0.6,0.9,0.5,2.1,1.6,13.2,0.4,23.3,0,0,23.6,1,17,1,54,69,57,62,52,23,44,21,64,76,29,101,96,104,72,93,93,26,63,84,71,52,67,69,58,5,62
1630217,Desmond Bane,Desmond,1610612763,MEM,24.0,6,2,4,0.333,38.6,8.2,19.3,0.422,2.7,8.3,0.32,4.5,4.8,0.931,1.2,4.8,6.0,3.2,2.8,0.5,0.0,2.2,3.2,2.3,23.5,-5.3,34.1,1,0,36.3,94,103,53,126,15,22,17,120,17,9,103,18,29,27,54,35,41,43,23,97,145,2,20,52,18,185,33,33,5,26
1626164,Devin Booker,Devin,1610612756,PHX,26.0,11,6,5,0.545,41.7,12.8,21.9,0.585,2.8,5.5,0.508,5.3,6.1,0.866,1.1,3.7,4.8,7.2,2.9,1.7,0.8,1.2,3.4,5.5,33.7,-3.4,55.0,2,0,53.6,46,43,26,62,2,1,6,21,11,37,11,12,14,53,62,61,62,9,21,11,30,17,13,10,2,158,4,20,5,3
203473,Dewayne Dedmon,Dewayne,1610612755,PHI,33.0,1,0,1,0.0,5.0,0.0,1.0,0.0,0.0,1.0,0.0,0.0,0.0,0.0,0.0,1.0,1.0,0.0,1.0,0.0,0.0,0.0,1.0,0.0,0.0,-4.0,0.2,0,0,1.0,202,188,183,188,170,189,181,189,153,133,153,162,164,162,165,142,156,184,71,159,145,135,139,182,194,167,208,58,5,197
1628415,Dillon Brooks,Dillon,1610612763,MEM,27.0,6,2,4,0.333,27.9,4.0,12.8,0.312,1.7,7.0,0.238,0.8,1.2,0.714,0.5,2.5,3.0,1.8,1.2,0.2,0.0,1.2,3.3,0.8,10.5,-7.3,16.2,0,0,17.3,94,103,53,126,71,69,43,170,58,16,138,96,94,109,112,93,97,74,64,148,145,19,14,121,69,207,99,58,5,91
1627734,Domantas Sabonis,Domantas,1610612758,SAC,27.0,7,3,4,0.429,34.7,7.0,14.1,0.495,0.1,0.7,0.2,2.3,4.0,0.571,4.4,6.6,11.0,4.7,3.7,1.4,0.9,1.4,4.0,4.1,16.4,-7.0,39.8,3,0,36.9,79,87,53,109,42,29,34,67,146,153,141,42,33,141,3,16,5,28,7,18,28,8,3,29,43,204,22,13,5,25
1628378,Donovan Mitchell,Donovan,1610612739,CLE,26.0,5,1,4,0.2,41.3,9.0,20.8,0.433,2.6,9.0,0.289,2.6,3.6,0.722,0.6,4.4,5.0,7.2,3.8,2.0,0.6,1.6,2.8,2.8,23.2,-1.8,44.0,1,0,43.2,116,132,53,157,3,17,12,104,18,3,113,36,36,108,102,44,56,8,6,3,42,6,34,42,21,128,19,33,5,19
1628978,Donte DiVincenzo,Donte,1610612744,GSW,26.0,13,6,7,0.462,18.1,1.8,4.9,0.375,1.2,3.4,0.341,0.6,0.9,0.667,0.8,2.2,3.0,2.8,1.3,0.8,0.2,0.2,1.5,1.1,5.5,-2.9,15.1,0,0,14.5,32,43,15,101,114,120,110,151,83,88,82,114,110,118,73,104,97,50,57,51,108,121,118,100,121,148,102,58,5,105
1627827,Dorian Finney-Smith,Dorian,1610612751,BKN,30.0,4,0,4,0.0,25.1,2.3,5.8,0.391,1.8,4.3,0.412,0.0,0.0,0.0,1.5,3.0,4.5,0.8,1.3,0.8,0.5,0.3,1.8,0.0,6.3,-4.0,15.3,0,0,15.8,151,188,53,188,87,112,103,142,51,61,37,162,164,162,40,74,67,130,60,64,48,95,104,182,112,167,101,58,5,97
203110,Draymond Green,Draymond,1610612744,GSW,33.0,12,5,7,0.417,30.6,3.5,7.6,0.462,0.4,1.7,0.25,2.0,2.8,0.727,1.6,5.3,6.9,6.8,2.3,1.5,1.0,0.6,4.0,3.6,9.4,-1.0,33.2,3,0,28.6,41,66,15,120,57,83,80,87,125,122,126,46,45,107,36,28,30,11,29,16,20,57,3,33,78,108,35,13,5,47
1629130,Duncan Robinson,Duncan,1610612748,MIA,29.0,16,11,5,0.688,17.8,3.2,6.9,0.459,2.3,5.2,0.434,0.4,0.4,1.0,0.1,1.6,1.6,1.8,0.8,0.3,0.0,0.2,1.2,0.6,9.1,4.1,13.8,0,0,15.3,8,8,26,23,117,89,88,89,32,45,32,133,147,1,164,127,136,78,98,132,145,114,136,132,82,14,113,58,5,100
1628410,Edmond Sumner,Edmond,1610612751,BKN,27.0,1,0,1,0.0,4.5,0.0,0.0,0.0,0.0,0.0,0.0,0.0,0.0,0.0,0.0,0.0,0.0,1.0,0.0,0.0,0.0,0.0,0.0,1.0,0.0,-4.0,1.5,0,0,1.0,202,188,183,188,173,189,208,189,153,182,153,162,164,162,165,198,201,107,182,159,145,135,188,102,194,167,192,58,5,197
201569,Eric Gordon,Eric,1610612746,LAC,34.0,5,1,4,0.2,29.8,3.6,8.8,0.409,2.0,5.8,0.345,1.0,1.2,0.833,0.2,1.2,1.4,2.6,0.8,0.6,0.4,0.4,2.4,0.8,10.2,-6.8,18.0,0,0,18.2,116,132,53,157,61,79,65,130,36,29,79,84,91,67,151,140,144,53,99,79,67,71,58,125,74,202,90,58,5,88
1630596,Evan Mobley,Evan,1610612739,CLE,21.0,5,1,4,0.2,37.5,4.4,9.6,0.458,0.0,0.2,0.0,1.0,1.6,0.625,3.0,7.0,10.0,2.0,2.4,0.6,1.2,0.8,2.6,2.0,9.8,-0.8,27.8,2,0,25.4,116,132,53,157,27,63,59,92,153,172,153,84,75,135,10,12,9,66,26,79,16,38,43,60,75,102,51,20,5,52
1627788,Furkan Korkmaz,Furkan,1610612755,PHI,25.0,3,1,2,0.333,3.8,0.0,0.7,0.0,0.0,0.3,0.0,0.7,0.7,1.0,0.0,0.3,0.3,0.3,0.3,0.0,0.0,0.3,0.0,0.7,0.7,-0.3,1.2,0,0,1.3,174,132,164,126,180,189,196,189,153,170,153,109,127,1,165,188,194,161,147,159,145,81,188,130,185,90,196,58,5,193
1629216,Gabe Vincent,Gabe,1610612748,MIA,26.0,15,11,4,0.733,30.8,4.5,10.9,0.417,2.4,6.4,0.375,1.7,1.9,0.893,0.3,1.3,1.6,4.1,1.7,0.9,0.1,0.4,3.0,2.3,13.1,4.0,22.8,0,0,23.4,20,8,53,20,55,61,52,125,27,21,60,54,63,41,130,137,138,33,46,49,137,71,21,53,53,15,72,58,5,63
1627780,Gary Payton II,Gary,1610612744,GSW,30.0,12,5,7,0.417,16.0,3.0,4.5,0.667,0.3,1.3,0.267,0.5,0.8,0.667,1.8,1.8,3.7,0.8,0.9,0.7,0.5,0.3,1.6,0.7,6.8,-3.8,14.9,0,0,13.9,41,66,15,120,126,91,118,9,128,129,121,122,123,118,26,116,82,130,91,71,48,95,115,130,103,166,105,58,5,109
1627777,Georges Niang,Georges,1610612755,PHI,29.0,11,7,4,0.636,14.3,1.6,3.3,0.5,1.1,2.4,0.462,0.0,0.0,0.0,0.0,0.4,0.4,0.2,0.5,0.0,0.2,0.2,1.5,0.1,4.4,-1.3,5.2,0,0,6.4,46,33,53,34,130,128,138,57,87,109,26,162,164,162,165,187,193,178,137,159,127,116,123,178,130,116,151,58,5,141
203507,Giannis Antetokounmpo,Giannis,1610612749,MIL,28.0,3,0,3,0.0,30.5,9.3,17.7,0.528,0.0,1.0,0.0,4.7,10.3,0.452,2.7,8.3,11.0,5.3,4.7,0.3,0.7,0.7,3.0,7.3,23.3,-5.3,42.9,2,1,41.7,174,188,137,188,59,13,21,44,153,133,153,16,1,157,15,7,5,23,1,126,38,51,21,2,20,185,21,20,2,21
201609,Goran Dragic,Goran,1610612749,MIL,37.0,2,1,1,0.5,3.6,0.0,1.0,0.0,0.0,0.5,0.0,2.0,2.0,1.0,0.0,0.0,0.0,0.5,0.0,0.0,0.0,0.0,0.0,1.0,2.0,-2.5,2.8,0,0,2.5,184,132,183,74,183,189,181,189,153,160,153,46,57,1,165,198,201,148,182,159,145,135,188,102,162,143,179,58,5,180
1629684,Grant Williams,Grant,1610612738,BOS,24.0,13,7,6,0.538,17.4,1.8,3.5,0.522,1.3,2.6,0.5,0.5,0.6,0.875,0.8,1.5,2.2,1.2,0.2,0.3,0.5,0.1,1.7,0.8,5.5,-0.7,12.1,0,0,11.8,32,33,24,72,119,120,133,48,70,99,12,121,131,47,83,131,116,96,165,133,61,131,110,120,120,101,121,58,5,123
1628960,Grayson Allen,Grayson,1610612749,MIL,27.0,5,1,4,0.2,29.9,3.8,8.2,0.463,2.8,5.8,0.483,1.2,1.4,0.857,0.2,2.2,2.4,1.8,0.8,0.4,0.0,0.6,1.4,2.2,11.6,-0.6,17.6,0,0,19.4,116,132,53,157,60,74,75,86,13,29,20,73,81,58,151,99,113,75,99,117,145,54,125,55,64,96,92,58,5,81
203084,Harrison Barnes,Harrison,1610612758,SAC,30.0,7,3,4,0.429,28.1,3.6,8.6,0.417,0.9,3.6,0.24,2.7,3.7,0.731,1.4,2.0,3.4,0.7,0.4,1.1,0.3,0.0,0.7,2.7,10.7,-8.9,19.8,0,0,18.6,79,87,53,109,70,80,69,126,104,84,137,35,34,106,42,106,88,135,140,31,93,135,162,45,67,210,83,58,5,85
1629312,Haywood Highsmith,Haywood,1610612748,MIA,26.0,12,7,5,0.583,9.7,1.3,2.3,0.593,0.5,0.9,0.545,0.2,0.3,0.667,0.7,0.9,1.6,0.4,0.1,0.6,0.1,0.2,1.1,0.1,3.3,0.3,7.8,0,0,7.2,41,33,26,51,150,135,151,20,116,148,10,155,157,118,91,157,139,158,181,91,142,117,138,179,140,70,138,58,5,137
1630193,Immanuel Quickley,Immanuel,1610612752,NYK,23.0,8,5,3,0.625,21.9,2.9,8.3,0.348,1.1,4.6,0.243,2.1,2.5,0.85,0.3,1.4,1.6,1.0,1.1,0.5,0.0,0.0,1.4,2.1,9.0,2.5,12.8,0,0,13.8,73,66,137,41,95,94,74,159,85,56,134,45,51,61,144,133,136,107,68,97,145,135,129,58,83,41,118,58,5,110
1630171,Isaac Okoro,Isaac,1610612739,CLE,22.0,5,1,4,0.2,14.9,2.2,4.6,0.478,0.8,2.6,0.308,1.2,1.2,1.0,0.6,0.8,1.4,0.8,0.8,0.4,0.4,0.2,2.0,1.6,6.4,0.6,10.9,0,0,11.0,116,132,53,157,128,115,115,76,106,101,106,73,91,1,102,164,144,125,99,117,67,105,85,72,111,63,128,58,5,127
1628392,Isaiah Hartenstein,Isaiah,1610612752,NYK,25.0,11,6,5,0.545,20.0,1.0,2.1,0.478,0.0,0.0,0.0,1.1,1.5,0.75,2.1,2.5,4.6,1.3,0.5,0.8,1.4,0.1,2.6,1.6,3.1,-0.2,16.7,0,0,13.4,46,43,26,62,105,146,153,76,153,182,153,83,80,95,22,91,64,95,137,53,10,127,39,68,143,88,94,58,5,113
202397,Ish Smith,Ish,1610612743,DEN,34.0,4,4,0,1.0,2.9,0.3,0.5,0.5,0.0,0.0,0.0,0.0,0.0,0.0,0.0,0.3,0.3,0.3,0.0,0.0,0.0,0.0,0.5,0.0,0.5,-1.5,1.2,0,0,1.0,151,75,206,1,196,181,200,57,153,182,153,162,164,162,165,190,196,169,182,159,145,135,168,182,188,119,199,58,5,197
1630688,Ish Wainright,Ish,1610612756,PHX,28.0,6,1,5,0.167,3.5,0.2,0.7,0.25,0.2,0.7,0.25,0.0,0.0,0.0,0.0,0.2,0.2,0.0,0.0,0.0,0.2,0.0,0.3,0.0,0.5,-1.2,1.2,0,0,1.2,94,132,26,187,184,187,196,178,140,155,126,162,164,162,165,195,199,184,182,159,130,135,178,182,188,113,197,58,5,195
1627826,Ivica Zubac,Ivica,1610612746,LAC,26.0,5,1,4,0.2,26.0,3.4,6.0,0.567,0.0,0.0,0.0,2.4,3.2,0.75,3.2,6.4,9.6,0.6,2.2,0.6,0.2,0.8,1.6,2.8,9.2,-9.2,21.8,2,0,21.0,116,132,53,157,82,84,100,30,153,182,153,41,41,95,7,18,13,145,30,79,111,38,113,42,80,211,74,20,5,73
1629630,Ja Morant,Ja,1610612763,MEM,23.0,5,1,4,0.2,37.4,9.0,21.2,0.425,2.6,6.2,0.419,4.0,5.2,0.769,1.6,5.2,6.8,7.0,3.4,1.8,0.2,1.4,2.4,6.8,24.6,-3.2,45.9,2,0,45.0,116,132,53,157,28,17,8,118,18,26,35,27,25,88,35,29,31,10,13,8,111,9,58,3,13,155,16,20,5,15
203210,JaMychal Green,JaMychal,1610612744,GSW,32.0,7,2,5,0.286,7.0,1.3,3.3,0.391,0.7,2.6,0.278,0.0,0.0,0.0,0.0,0.7,0.7,0.4,0.3,0.0,0.1,0.0,1.4,0.0,3.3,-3.0,4.9,0,0,5.4,79,103,26,148,158,141,137,142,108,102,116,162,164,162,165,170,179,156,157,159,133,135,124,182,141,149,154,58,5,148
1630531,Jaden Springer,Jaden,1610612755,PHI,20.0,4,1,3,0.25,4.2,1.0,1.0,1.0,0.0,0.0,0.0,0.3,0.5,0.5,0.0,0.0,0.0,0.0,0.3,0.3,0.0,0.0,0.5,0.3,2.3,0.8,2.8,0,0,2.8,151,132,137,150,176,146,181,1,153,182,153,147,137,145,165,198,201,184,160,136,145,135,168,162,159,60,179,58,5,177
203109,Jae Crowder,Jae,1610612749,MIL,32.0,4,1,3,0.25,10.2,0.8,3.3,0.231,0.0,1.5,0.0,0.3,0.5,0.5,0.3,0.8,1.0,0.8,0.3,0.5,0.0,0.0,1.3,0.3,1.8,-4.5,5.3,0,0,4.5,151,132,137,150,145,162,139,183,153,123,153,147,137,145,144,166,156,130,160,97,145,135,131,162,166,175,150,58,5,158
1628973,Jalen Brunson,Jalen,1610612752,NYK,26.0,11,6,5,0.545,40.3,9.9,20.9,0.474,2.4,7.3,0.325,5.6,6.2,0.912,0.8,4.1,4.9,5.6,2.1,1.5,0.1,0.5,2.4,5.1,27.8,3.4,44.7,1,0,43.8,46,43,26,62,4,10,11,80,30,14,101,10,13,33,75,53,60,20,36,17,141,60,64,13,9,27,18,33,5,17
1630552,Jalen Johnson,Jalen,1610612737,ATL,21.0,6,2,4,0.333,9.3,1.7,4.0,0.417,0.7,1.8,0.364,0.3,0.3,1.0,0.3,2.2,2.5,1.3,0.8,0.5,0.0,0.2,0.8,0.2,4.3,-0.5,10.0,0,0,9.8,94,103,53,126,152,127,126,126,109,116,67,138,151,1,130,102,112,93,97,97,145,117,155,173,131,94,133,58,5,131
1629667,Jalen McDaniels,Jalen,1610612755,PHI,25.0,8,5,3,0.625,12.7,1.0,2.5,0.4,0.4,1.1,0.333,0.0,0.0,0.0,0.4,1.6,2.0,0.6,0.4,0.1,0.0,0.0,1.0,0.1,2.4,1.8,5.7,0,0,5.6,73,66,137,41,135,146,146,133,126,132,83,162,164,162,129,125,121,142,146,155,145,135,139,176,157,45,147,58,5,146
1627750,Jamal Murray,Jamal,1610612743,DEN,26.0,15,12,3,0.8,39.1,10.2,21.3,0.48,3.1,7.9,0.398,4.1,4.5,0.925,0.7,4.8,5.5,6.1,2.2,1.7,0.3,0.9,2.1,4.5,27.7,8.4,47.2,1,0,46.4,20,1,137,12,10,6,7,73,3,10,48,26,30,30,91,36,49,17,30,13,78,34,81,21,10,4,13,33,5,13
201935,James Harden,James,1610612755,PHI,33.0,11,7,4,0.636,38.8,6.5,16.6,0.393,2.8,7.5,0.378,4.4,5.0,0.873,0.5,5.6,6.2,8.3,3.2,1.8,0.4,1.4,2.5,4.2,20.3,-3.6,43.5,5,0,41.9,46,33,53,34,12,33,27,141,11,12,59,23,26,49,111,25,40,3,16,7,76,11,46,28,28,164,20,6,5,20
1628991,Jaren Jackson Jr.,Jaren,1610612763,MEM,23.0,6,2,4,0.333,36.7,5.8,13.8,0.422,1.2,4.2,0.28,5.2,6.0,0.861,3.3,4.5,7.8,1.5,3.0,1.0,2.0,2.3,4.0,5.2,18.0,-6.2,35.7,2,0,34.5,94,103,53,126,32,41,38,121,80,65,115,14,15,56,6,40,23,85,17,38,3,1,3,12,35,195,28,20,5,28
1629020,Jarred Vanderbilt,Jarred,1610612747,LAL,24.0,15,8,7,0.533,16.4,1.6,4.0,0.4,0.5,1.9,0.241,0.9,1.3,0.7,1.3,1.9,3.2,0.8,0.9,0.7,0.8,0.1,2.1,1.6,4.6,-1.2,13.4,0,0,12.1,20,25,15,73,124,129,126,133,122,114,136,93,87,113,48,113,94,125,95,66,32,125,83,72,127,115,115,58,5,122
1628386,Jarrett Allen,Jarrett,1610612739,CLE,25.0,5,1,4,0.2,38.1,4.4,7.2,0.611,0.0,0.0,0.0,0.6,1.2,0.5,3.0,4.4,7.4,2.4,0.6,0.8,1.0,1.0,2.0,1.4,9.4,-5.6,26.7,1,0,22.8,116,132,53,157,21,63,86,15,153,182,153,115,91,145,10,44,25,59,119,58,20,25,85,81,79,190,55,33,5,65
1630554,Jason Preston,Jason,1610612746,LAC,23.0,1,0,1,0.0,1.0,0.0,0.0,0.0,0.0,0.0,0.0,0.0,0.0,0.0,0.0,0.0,0.0,0.0,0.0,0.0,0.0,0.0,0.0,0.0,0.0,-2.0,0.0,0,0,0.0,202,188,183,188,214,189,208,189,153,182,153,162,164,162,165,198,201,184,182,159,145,135,188,182,194,130,210,58,5,210
1627759,Jaylen Brown,Jaylen,1610612738,BOS,26.0,18,10,8,0.556,37.2,9.1,18.1,0.503,2.2,5.6,0.39,2.3,3.4,0.661,1.1,4.1,5.2,3.3,3.0,1.0,0.3,1.6,2.9,3.1,22.7,2.9,34.9,1,0,36.1,1,17,1,54,31,16,20,56,33,36,49,43,39,131,60,51,54,41,17,38,78,7,31,39,23,31,31,33,5,27
1629669,Jaylen Nowell,Jaylen,1610612750,MIN,23.0,5,1,4,0.2,12.4,1.2,5.2,0.231,0.6,1.8,0.333,0.2,0.4,0.5,0.8,0.2,1.0,0.6,0.4,0.0,0.0,0.0,0.8,0.4,3.2,-5.8,4.9,0,0,5.4,116,132,53,157,137,143,106,183,114,118,83,152,149,145,77,192,156,145,142,159,145,135,160,150,142,193,155,58,5,150
1628369,Jayson Tatum,Jayson,1610612738,BOS,25.0,18,10,8,0.556,39.6,9.6,20.5,0.466,2.9,8.4,0.342,5.7,6.6,0.864,1.2,9.2,10.4,5.3,2.8,1.1,1.1,1.2,2.2,4.9,27.7,4.9,51.6,13,0,50.5,1,17,1,54,8,12,14,83,10,7,81,9,11,54,54,3,7,23,23,37,19,19,70,17,10,11,7,1,5,6
201145,Jeff Green,Jeff,1610612743,DEN,36.0,15,12,3,0.8,18.6,1.3,3.5,0.377,0.5,1.7,0.269,0.7,0.9,0.846,0.3,1.6,1.9,0.7,0.5,0.3,0.5,0.0,2.5,1.8,3.9,-0.1,9.0,0,0,8.5,20,1,137,12,110,135,134,150,122,120,119,104,113,62,130,126,130,134,135,135,59,135,55,63,134,87,135,58,5,136
1628975,Jevon Carter,Jevon,1610612749,MIL,27.0,4,1,3,0.25,12.3,0.5,2.3,0.222,0.3,1.8,0.143,0.0,0.0,0.0,0.0,1.0,1.0,1.0,0.0,0.3,0.0,0.3,0.3,0.5,1.3,-3.8,4.7,0,0,4.0,151,132,137,150,138,168,151,185,131,119,147,162,164,162,165,142,156,107,182,136,145,95,182,136,172,165,158,58,5,164
202710,Jimmy Butler,Jimmy,1610612748,MIA,33.0,15,11,4,0.733,38.6,10.1,20.1,0.505,1.1,3.2,0.333,7.5,9.3,0.806,2.0,4.7,6.7,5.5,2.1,2.1,0.7,1.7,1.7,6.3,28.8,1.0,51.4,3,0,47.7,20,8,53,20,14,7,16,55,89,90,83,4,3,77,23,38,33,22,34,2,35,5,108,7,8,55,8,13,5,11
1629111,Jock Landale,Jock,1610612756,PHX,27.0,7,2,5,0.286,16.2,2.4,3.9,0.63,0.0,0.1,0.0,1.3,2.0,0.643,1.4,2.6,4.0,0.4,0.3,0.4,0.4,0.0,2.1,2.1,6.1,3.7,13.9,0,0,12.3,79,103,26,148,125,106,129,14,153,177,153,68,57,132,42,90,76,156,157,112,64,135,77,57,114,22,112,58,5,121
203925,Joe Harris,Joe,1610612751,BKN,31.0,4,0,4,0.0,10.9,0.5,3.3,0.154,0.3,3.0,0.083,0.5,0.5,1.0,0.0,1.3,1.3,0.0,0.8,0.5,0.0,0.0,1.3,0.3,1.8,3.8,4.0,0,0,4.3,151,188,53,188,143,168,139,188,131,94,152,122,137,1,165,138,151,184,105,97,145,135,131,162,166,20,166,58,5,163
204060,Joe Ingles,Joe,1610612749,MIL,35.0,5,1,4,0.2,17.8,2.4,4.6,0.522,2.0,4.0,0.5,0.0,0.0,0.0,0.2,1.0,1.2,2.0,1.2,0.6,0.2,0.0,1.4,0.6,6.8,-1.8,12.4,0,0,13.6,116,132,53,157,116,108,115,48,36,67,12,162,164,162,151,142,154,66,63,79,111,135,125,133,104,128,119,58,5,111
203954,Joel Embiid,Joel,1610612755,PHI,29.0,9,5,4,0.556,37.4,7.3,17.0,0.431,0.6,3.1,0.179,8.4,9.3,0.905,1.8,8.0,9.8,2.7,3.9,0.7,2.8,1.2,3.0,6.7,23.7,-0.7,45.8,5,0,43.6,69,66,53,54,29,26,24,105,115,93,144,1,2,36,29,10,11,52,5,71,2,15,21,6,16,98,17,6,5,18
1628381,John Collins,John,1610612737,ATL,25.0,6,2,4,0.333,27.4,4.3,10.0,0.433,1.8,5.3,0.344,0.8,1.0,0.833,1.2,3.2,4.3,0.8,1.5,0.3,1.0,1.2,2.2,1.3,11.3,-1.5,20.3,0,0,21.0,94,103,53,126,73,65,56,102,46,43,80,96,98,67,54,70,71,123,52,126,20,19,74,85,66,119,81,58,5,73
1629723,John Konchar,John,1610612763,MEM,27.0,5,2,3,0.4,9.7,0.4,1.8,0.222,0.0,0.8,0.0,0.0,0.0,0.0,0.8,1.2,2.0,0.8,0.2,0.4,0.4,0.2,1.2,0.0,0.8,-4.6,6.6,0,0,5.2,116,103,137,122,149,177,167,185,153,149,153,162,164,162,77,140,121,125,166,117,67,105,135,182,182,177,143,58,5,151
1630228,Jonathan Kuminga,Jonathan,1610612744,GSW,20.0,10,5,5,0.5,6.1,1.3,2.4,0.542,0.3,0.7,0.429,0.5,0.9,0.556,0.4,0.5,0.9,0.5,0.4,0.2,0.0,0.0,0.5,0.7,3.4,-2.3,5.4,0,0,5.5,63,66,26,74,160,140,148,39,130,154,33,122,112,142,125,175,171,148,142,144,145,135,168,129,138,139,148,58,5,147
1629162,Jordan McLaughlin,Jordan,1610612750,MIN,27.0,2,1,1,0.5,7.1,0.0,2.0,0.0,0.0,1.0,0.0,0.0,0.0,0.0,0.0,1.0,1.0,1.0,0.0,0.0,0.0,0.5,1.0,0.5,0.0,-5.5,2.7,0,0,2.0,184,132,183,74,157,189,155,189,153,133,153,162,164,162,165,142,156,107,182,159,145,63,139,136,194,189,181,58,5,186
1629673,Jordan Poole,Jordan,1610612744,GSW,23.0,13,6,7,0.462,21.9,3.5,10.4,0.341,1.2,4.8,0.254,2.0,2.6,0.765,0.3,1.8,2.2,3.5,1.2,0.8,0.2,0.8,2.5,2.6,10.3,-0.4,20.0,0,0,19.2,32,43,15,101,97,82,54,164,74,50,125,46,46,92,140,115,118,39,66,63,108,36,56,47,73,91,82,58,5,83
1628404,Josh Hart,Josh,1610612752,NYK,28.0,11,6,5,0.545,32.1,4.1,8.5,0.479,0.9,2.9,0.313,1.3,2.0,0.636,1.6,5.7,7.4,2.2,1.9,0.8,0.3,0.7,3.5,2.6,10.4,-1.7,23.8,3,0,23.0,46,43,26,62,53,68,71,75,102,97,104,69,57,133,33,23,26,65,41,53,97,47,9,46,72,127,65,13,5,64
1631169,Josh Minott,Josh,1610612750,MIN,20.0,1,0,1,0.0,6.3,0.0,1.0,0.0,0.0,1.0,0.0,0.0,0.0,0.0,0.0,0.0,0.0,0.0,1.0,2.0,1.0,0.0,1.0,0.0,0.0,-4.0,8.0,0,0,6.0,202,188,183,188,159,189,181,189,153,133,153,162,164,162,165,198,201,184,71,3,20,135,139,182,194,167,137,58,5,143
1629006,Josh Okogie,Josh,1610612756,PHX,24.0,10,6,4,0.6,17.5,1.4,3.7,0.378,0.2,1.4,0.143,1.1,1.3,0.846,1.2,0.9,2.1,1.3,0.3,0.6,0.2,0.2,1.8,0.9,4.1,-4.7,10.7,0,0,9.3,63,43,53,44,118,134,131,148,137,127,147,82,89,62,52,158,119,94,156,79,111,105,99,116,132,180,131,58,5,133
201950,Jrue Holiday,Jrue,1610612749,MIL,32.0,5,1,4,0.2,38.1,6.8,17.0,0.4,2.4,8.4,0.286,1.8,2.6,0.692,0.8,5.8,6.6,8.0,2.4,1.0,0.4,0.8,2.4,2.4,17.8,0.8,39.5,2,0,37.6,116,132,53,157,20,32,24,133,27,8,114,52,47,114,77,21,34,4,26,38,67,38,58,50,36,59,23,20,5,23
203944,Julius Randle,Julius,1610612752,NYK,28.0,10,6,4,0.6,33.0,5.5,14.7,0.374,1.7,6.6,0.258,3.9,5.5,0.709,1.7,6.6,8.3,3.6,3.5,0.5,0.3,0.7,2.4,3.9,16.6,1.5,30.9,4,0,31.8,63,43,53,44,52,44,32,154,56,20,124,28,22,111,32,15,18,36,12,97,91,50,58,31,41,49,41,10,5,38
1630551,Justin Champagnie,Justin,1610612738,BOS,21.0,4,4,0,1.0,2.6,0.3,1.0,0.25,0.0,0.8,0.0,0.0,0.0,0.0,0.0,0.0,0.0,0.0,0.0,0.0,0.0,0.0,0.5,0.0,0.5,0.0,0.5,0,0,0.5,151,75,206,1,199,181,181,178,153,150,153,162,164,162,165,198,201,184,182,159,145,135,168,182,188,76,205,58,5,206
1626157,Karl-Anthony Towns,Karl-Anthony,1610612750,MIN,27.0,5,1,4,0.2,36.0,6.4,14.0,0.457,1.2,4.8,0.25,4.2,5.6,0.75,1.2,9.0,10.2,2.0,3.6,0.6,0.8,0.8,4.2,6.8,18.2,-9.2,34.0,4,0,34.4,116,132,53,157,36,37,35,93,75,52,126,24,21,95,52,4,8,66,8,79,32,38,2,3,34,211,34,10,5,29
202695,Kawhi Leonard,Kawhi,1610612746,LAC,31.0,2,1,1,0.5,40.2,12.0,22.0,0.545,3.0,5.0,0.6,7.5,8.5,0.882,1.5,5.0,6.5,6.0,3.0,2.0,0.5,0.0,2.5,6.0,34.5,-3.5,55.8,0,0,55.0,184,132,183,74,5,2,5,38,5,46,7,3,5,44,40,32,35,19,17,3,48,135,49,8,1,160,2,58,5,2
1631099,Keegan Murray,Keegan,1610612758,SAC,22.0,7,3,4,0.429,27.7,3.7,8.3,0.448,1.7,4.6,0.375,0.6,0.9,0.667,2.1,4.1,6.3,0.7,0.6,0.6,0.3,1.0,2.6,1.0,9.7,-1.7,20.3,1,0,20.1,79,87,53,109,72,78,73,98,55,57,60,118,115,118,21,50,39,135,121,92,93,25,45,102,76,126,80,33,5,77
1631254,Kenneth Lofton Jr.,Kenneth,1610612763,MEM,20.0,4,2,2,0.5,3.0,0.8,2.0,0.375,0.0,0.5,0.0,0.3,0.5,0.5,0.3,0.5,0.8,0.3,0.0,0.0,0.0,0.0,0.0,0.3,1.8,-2.3,3.0,0,0,2.8,151,103,164,74,195,162,155,151,153,160,153,147,137,145,144,175,176,169,182,159,145,135,188,162,166,136,177,58,5,177
203484,Kentavious Caldwell-Pope,Kentavious,1610612743,DEN,30.0,15,12,3,0.8,33.3,4.2,8.7,0.481,2.0,4.9,0.411,1.3,1.5,0.864,0.7,2.5,3.2,1.6,0.7,1.3,0.5,0.3,2.3,2.0,11.7,3.7,22.4,0,0,21.9,20,1,137,12,51,67,67,72,36,49,39,70,79,55,91,92,94,84,108,24,59,81,66,60,63,21,73,58,5,69
1630556,Kessler Edwards,Kessler,1610612758,SAC,22.0,6,2,4,0.333,1.2,0.0,0.0,0.0,0.0,0.0,0.0,0.0,0.0,0.0,0.0,0.2,0.2,0.0,0.0,0.0,0.0,0.0,0.0,0.0,0.0,0.8,0.2,0,0,0.2,94,103,53,126,213,189,208,189,153,182,153,162,164,162,165,195,199,184,182,159,145,135,188,182,194,58,208,58,5,209
201142,Kevin Durant,Kevin,1610612756,PHX,34.0,11,6,5,0.545,42.3,9.7,20.4,0.478,1.5,4.6,0.333,8.0,8.7,0.917,0.6,8.1,8.7,5.5,3.5,0.8,1.4,0.9,2.6,7.5,29.0,-0.5,50.8,5,0,49.2,46,43,26,62,1,11,15,78,63,55,83,2,4,31,98,9,16,21,10,53,10,35,39,1,7,93,9,6,5,7
1628989,Kevin Huerter,Kevin,1610612758,SAC,24.0,7,3,4,0.429,26.2,3.6,10.3,0.347,1.1,5.6,0.205,0.9,1.1,0.75,0.1,4.3,4.4,1.1,0.6,0.4,1.3,0.3,3.3,1.1,9.1,-0.6,20.7,0,0,19.3,79,87,53,109,79,80,55,160,84,34,140,95,96,95,160,47,70,104,121,112,13,88,16,97,81,95,77,58,5,82
201567,Kevin Love,Kevin,1610612748,MIA,34.0,16,11,5,0.688,18.0,2.3,5.9,0.379,1.6,4.3,0.368,0.8,0.9,0.867,0.7,5.1,5.8,1.4,0.6,0.4,0.3,0.1,1.9,1.1,6.9,-0.6,17.4,1,0,17.1,8,8,26,23,115,112,102,147,62,61,64,100,109,50,90,31,43,90,117,125,87,133,96,101,102,97,93,33,5,92
1626172,Kevon Looney,Kevon,1610612744,GSW,27.0,13,6,7,0.462,25.0,2.8,4.9,0.578,0.0,0.0,0.0,0.8,1.4,0.556,4.7,8.4,13.1,3.3,1.0,0.6,0.4,0.5,2.8,1.4,6.5,3.8,29.1,2,0,24.8,32,43,15,101,88,95,110,25,153,182,153,102,84,142,2,6,3,42,71,78,75,69,36,84,108,17,48,20,5,54
203114,Khris Middleton,Khris,1610612749,MIL,31.0,5,1,4,0.2,34.6,8.0,17.2,0.465,2.6,6.4,0.406,5.2,6.0,0.867,1.4,5.0,6.4,6.2,3.4,0.6,0.0,0.8,3.0,4.2,23.8,2.6,39.2,0,0,40.2,116,132,53,157,43,23,23,84,18,21,42,13,15,50,44,32,36,16,13,79,145,38,21,26,15,39,24,58,5,22
202691,Klay Thompson,Klay,1610612744,GSW,33.0,13,6,7,0.462,36.0,6.5,16.8,0.388,3.8,10.5,0.368,1.6,1.8,0.875,0.1,4.1,4.2,2.2,2.0,0.5,0.3,0.5,2.2,1.6,18.5,1.5,27.4,0,0,30.5,32,43,15,101,37,34,26,145,2,2,64,55,64,47,162,54,74,61,37,95,90,62,76,70,32,48,53,58,5,41
203937,Kyle Anderson,Kyle,1610612750,MIN,29.0,4,1,3,0.25,25.9,3.8,7.5,0.5,0.5,1.5,0.333,0.5,0.5,1.0,0.8,3.3,4.0,4.5,1.5,1.8,0.5,0.5,3.3,0.5,8.5,-6.5,25.3,0,0,22.0,151,132,137,150,84,76,81,57,116,123,83,122,137,1,84,66,76,31,52,10,48,63,18,136,88,200,59,58,5,67
200768,Kyle Lowry,Kyle,1610612748,MIA,37.0,16,11,5,0.688,25.7,3.2,7.6,0.418,1.3,3.7,0.356,1.3,1.4,0.909,0.5,2.8,3.3,4.3,1.8,1.1,0.8,0.3,2.5,1.4,8.9,-0.1,23.0,0,0,21.4,8,8,26,23,85,89,79,123,69,80,73,71,85,34,112,86,92,32,44,34,34,86,49,79,84,84,70,58,5,72
1630205,Lamar Stevens,Lamar,1610612739,CLE,25.0,2,0,2,0.0,4.4,0.5,1.0,0.5,0.5,0.5,1.0,1.0,1.0,1.0,0.0,1.5,1.5,0.0,0.0,0.0,0.0,0.0,0.0,0.5,2.5,3.5,4.3,0,0,4.5,184,188,164,188,174,168,181,57,116,160,1,84,98,1,165,128,140,184,182,159,145,135,188,136,153,24,160,58,5,158
1629013,Landry Shamet,Landry,1610612756,PHX,26.0,10,6,4,0.6,18.4,1.7,4.5,0.378,1.1,2.9,0.379,0.3,0.4,0.75,0.3,1.4,1.7,1.1,0.4,0.2,0.1,0.2,1.5,0.8,4.8,-2.6,9.0,0,0,9.3,63,43,53,44,111,126,118,149,86,98,57,144,149,95,142,132,134,106,142,144,140,105,119,125,125,144,136,58,5,133
2544,LeBron James,LeBron,1610612747,LAL,38.0,16,8,8,0.5,38.7,9.2,18.4,0.498,1.8,6.6,0.264,4.4,5.8,0.761,1.6,8.3,9.9,6.5,2.5,1.1,1.1,0.5,1.8,4.4,24.5,0.8,50.2,9,0,47.0,8,25,1,74,13,15,19,66,51,19,122,22,19,93,37,8,10,13,25,34,18,63,104,23,14,60,10,4,5,12
1629022,Lonnie Walker IV,Lonnie,1610612747,LAL,24.0,13,5,8,0.385,13.8,2.2,4.6,0.483,1.0,2.6,0.382,0.7,0.9,0.75,0.1,0.8,0.9,0.8,0.3,0.5,0.1,0.0,1.2,0.5,6.2,0.1,10.1,0,0,10.2,32,66,1,124,132,114,114,70,90,99,55,108,110,95,162,161,170,122,155,95,144,135,134,135,113,74,132,58,5,129
1628379,Luke Kennard,Luke,1610612763,MEM,26.0,5,2,3,0.4,21.3,2.4,4.6,0.522,1.6,3.2,0.5,0.8,0.8,1.0,1.0,3.0,4.0,1.4,0.2,0.8,0.0,0.2,1.6,0.4,7.2,7.8,16.3,0,0,15.8,116,103,137,122,101,108,115,48,59,90,12,101,121,1,64,74,76,91,166,58,145,105,113,150,99,6,97,58,5,96
1628436,Luke Kornet,Luke,1610612738,BOS,27.0,7,5,2,0.714,4.3,1.0,1.1,0.875,0.1,0.1,1.0,0.3,0.3,1.0,0.7,0.7,1.4,0.0,0.0,0.0,0.1,0.0,0.3,0.3,2.4,0.0,4.6,0,0,4.3,79,66,164,22,175,146,179,4,146,177,1,145,155,1,87,170,143,184,182,159,133,135,181,159,156,76,159,58,5,162
1627763,Malcolm Brogdon,Malcolm,1610612738,BOS,30.0,18,10,8,0.556,25.9,4.6,10.7,0.425,1.8,4.7,0.388,1.6,1.9,0.829,0.7,2.9,3.7,3.1,1.1,0.2,0.2,0.6,1.6,1.7,12.6,4.0,21.7,0,0,21.9,1,17,1,54,83,60,53,117,46,53,52,56,62,72,86,80,82,45,70,148,110,53,117,66,56,15,75,58,5,70
1627736,Malik Beasley,Malik,1610612747,LAL,26.0,11,6,5,0.545,8.3,0.9,3.1,0.294,0.6,2.4,0.269,0.5,0.5,1.0,0.3,0.5,0.7,0.2,0.2,0.1,0.0,0.3,0.5,0.3,3.0,-0.9,4.2,0,0,4.7,46,43,26,62,153,158,143,175,112,109,119,119,136,1,143,184,178,178,172,157,145,92,167,160,144,106,161,58,5,157
1628370,Malik Monk,Malik,1610612758,SAC,25.0,7,3,4,0.429,29.3,5.4,13.3,0.409,1.9,5.6,0.333,6.3,7.0,0.898,0.9,4.6,5.4,3.6,2.0,0.7,0.4,1.1,2.1,5.0,19.0,5.1,32.3,0,0,32.1,79,87,53,109,65,46,41,131,45,34,83,6,8,38,72,39,51,37,37,69,64,22,77,14,30,10,36,58,5,34
1630699,MarJon Beauchamp,MarJon,1610612749,MIL,22.0,2,1,1,0.5,2.6,1.0,1.5,0.667,0.5,0.5,1.0,0.0,0.0,0.0,0.0,0.5,0.5,0.0,0.0,0.0,0.0,0.0,0.0,0.5,2.5,0.0,3.1,0,0,3.5,184,132,183,74,200,146,169,9,116,160,1,162,164,162,165,175,183,184,182,159,145,135,188,136,153,76,175,58,5,169
202694,Marcus Morris Sr.,Marcus,1610612746,LAC,33.0,3,0,3,0.0,22.8,3.3,9.7,0.345,0.7,4.0,0.167,1.3,1.3,1.0,0.3,3.7,4.0,0.0,0.3,0.3,0.3,0.3,2.0,1.0,8.7,-13.7,15.1,0,0,14.7,174,188,137,188,91,85,58,162,109,67,145,65,87,1,130,63,76,184,147,126,78,81,85,102,85,215,103,58,5,103
203935,Marcus Smart,Marcus,1610612738,BOS,29.0,18,10,8,0.556,33.4,5.0,11.0,0.455,2.2,5.8,0.371,2.7,3.4,0.803,1.1,3.0,4.1,5.3,2.2,1.3,0.3,0.6,1.8,3.6,14.9,3.8,30.5,1,0,29.7,1,17,1,54,50,51,51,94,33,28,62,34,40,78,60,74,75,23,33,22,96,59,103,34,47,18,43,33,5,45
203486,Mason Plumlee,Mason,1610612746,LAC,33.0,5,1,4,0.2,18.1,2.8,3.2,0.875,0.0,0.0,0.0,2.6,2.8,0.929,3.2,3.6,6.8,1.8,0.6,0.4,0.4,0.2,3.0,2.2,8.2,2.6,20.9,1,0,18.4,116,132,53,157,113,97,141,4,153,182,153,36,44,28,7,64,31,75,119,117,67,105,21,55,92,39,76,33,5,87
1631108,Max Christie,Max,1610612747,LAL,20.0,9,4,5,0.444,3.7,0.6,1.1,0.5,0.1,0.4,0.25,0.2,0.4,0.5,0.1,0.7,0.8,0.3,0.0,0.0,0.1,0.0,0.0,0.2,1.4,1.8,3.2,0,0,2.9,69,75,26,107,182,167,180,57,152,168,126,151,146,145,161,172,175,161,182,159,139,135,188,171,170,44,173,58,5,175
1629622,Max Strus,Max,1610612748,MIA,27.0,16,11,5,0.688,29.3,3.8,8.1,0.462,2.1,5.8,0.359,0.9,1.1,0.833,0.6,2.8,3.3,0.9,0.3,0.4,0.3,0.4,2.0,1.1,10.5,-0.1,17.6,0,0,18.2,8,8,26,23,66,76,78,87,35,31,71,92,97,67,109,86,90,120,154,111,100,70,85,99,69,86,91,58,5,89
203086,Meyers Leonard,Meyers,1610612749,MIL,31.0,2,1,1,0.5,2.6,0.0,0.5,0.0,0.0,0.0,0.0,0.0,0.0,0.0,0.0,0.5,0.5,0.0,0.0,0.0,0.0,0.0,0.0,0.0,0.0,0.0,0.6,0,0,0.5,184,132,183,74,200,189,200,189,153,182,153,162,164,162,165,175,183,184,182,159,145,135,188,182,194,76,203,58,5,206
1629008,Michael Porter Jr.,Michael,1610612743,DEN,24.0,15,12,3,0.8,33.7,5.3,11.7,0.455,2.8,6.9,0.408,1.1,1.4,0.81,0.9,7.1,8.0,1.8,0.5,0.7,0.6,0.4,2.4,1.2,14.6,8.5,30.2,6,0,29.7,20,1,137,12,48,49,49,94,13,18,40,80,81,76,71,11,20,75,135,71,42,71,58,89,48,3,44,5,5,44
1628969,Mikal Bridges,Mikal,1610612751,BKN,26.0,4,0,4,0.0,39.4,8.3,19.3,0.429,2.5,6.3,0.4,4.5,5.8,0.783,0.5,4.8,5.3,4.0,2.0,0.5,0.5,1.3,1.3,4.0,23.5,-11.3,36.8,0,0,37.3,151,188,53,188,9,20,18,107,23,25,44,18,19,85,112,37,53,34,37,97,48,13,131,30,18,214,25,58,5,24
201144,Mike Conley,Mike,1610612750,MIN,35.0,5,1,4,0.2,36.6,4.0,8.4,0.476,2.0,4.4,0.455,2.0,2.2,0.909,0.4,2.2,2.6,6.4,1.4,0.6,0.0,0.4,2.2,3.2,12.0,-3.4,25.1,0,0,24.2,116,132,53,157,33,69,72,79,36,60,27,46,55,34,125,99,110,15,55,79,145,71,72,38,60,159,61,58,5,57
203488,Mike Muscala,Mike,1610612738,BOS,31.0,5,3,2,0.6,3.8,0.2,0.6,0.333,0.2,0.6,0.333,0.6,0.8,0.75,0.4,0.2,0.6,0.2,0.2,0.0,0.0,0.0,0.2,0.4,1.2,1.6,2.0,0,0,2.2,116,87,164,44,179,185,199,165,137,159,83,115,121,95,125,192,182,175,166,159,145,135,185,150,177,47,188,58,5,184
1630540,Miles McBride,Miles,1610612752,NYK,22.0,8,4,4,0.5,2.5,0.1,0.5,0.25,0.1,0.4,0.333,0.0,0.0,0.0,0.0,0.3,0.3,0.1,0.0,0.0,0.1,0.0,0.1,0.3,0.4,-1.1,1.2,0,0,1.1,73,75,53,74,203,188,200,178,150,169,83,162,164,162,165,190,196,183,182,159,138,135,187,162,193,112,195,58,5,196
1629011,Mitchell Robinson,Mitchell,1610612752,NYK,25.0,11,6,5,0.545,27.1,2.6,4.4,0.604,0.0,0.0,0.0,1.2,3.0,0.394,5.0,4.3,9.3,0.8,0.9,0.7,1.5,0.4,2.6,2.4,6.5,-0.1,24.4,2,0,20.9,46,43,26,62,74,100,122,17,153,182,153,78,42,158,1,49,14,124,92,67,8,80,39,51,109,85,63,20,5,75
1628964,Mo Bamba,Mo,1610612747,LAL,25.0,3,2,1,0.667,3.4,0.0,0.7,0.0,0.0,0.3,0.0,0.0,0.0,0.0,0.0,1.0,1.0,0.3,0.0,0.0,0.3,0.0,0.0,0.0,0.0,2.7,2.7,0,0,2.0,174,103,183,29,190,189,196,189,153,170,153,162,164,162,165,142,156,161,182,159,78,135,188,182,194,35,181,58,5,186
1626149,Montrezl Harrell,Montrezl,1610612755,PHI,29.0,2,2,0,1.0,3.5,0.0,1.5,0.0,0.0,0.0,0.0,0.0,0.0,0.0,0.0,0.5,0.5,0.0,0.0,0.0,0.0,0.0,0.0,0.0,0.0,-1.5,0.6,0,0,0.5,184,103,206,1,187,189,169,189,153,182,153,162,164,162,165,175,183,184,182,159,145,135,188,182,194,119,203,58,5,206
1630541,Moses Moody,Moses,1610612744,GSW,20.0,12,6,6,0.5,13.4,1.9,3.6,0.535,1.1,1.8,0.591,0.9,1.0,0.917,0.6,2.0,2.6,0.7,0.2,0.4,0.3,0.1,1.5,0.8,5.8,-1.2,12.0,0,0,11.7,41,43,24,74,133,119,132,41,88,116,8,94,98,31,107,106,111,138,173,116,78,130,119,127,119,113,123,58,5,125
1630233,Nathan Knight,Nathan,1610612750,MIN,25.0,2,0,2,0.0,2.4,0.5,2.0,0.25,0.0,1.0,0.0,0.0,0.0,0.0,0.5,0.0,0.5,0.0,0.5,0.0,0.0,0.0,0.0,0.0,1.0,-1.5,1.1,0,0,1.5,184,188,164,188,208,168,155,178,153,133,153,162,164,162,112,198,183,184,126,159,145,135,188,182,178,119,200,58,5,191
1629651,Nic Claxton,Nic,1610612751,BKN,24.0,4,0,4,0.0,29.2,4.5,6.3,0.72,0.0,0.0,0.0,1.5,2.5,0.6,1.3,6.8,8.0,1.5,0.8,0.3,1.8,0.0,2.0,3.0,10.5,-6.3,27.6,1,0,24.0,151,188,53,188,68,62,99,8,153,182,153,59,51,137,49,14,20,85,105,136,7,135,85,40,69,198,52,33,5,59
1629638,Nickeil Alexander-Walker,Nickeil,1610612750,MIN,24.0,5,1,4,0.2,29.6,3.0,7.0,0.429,2.0,5.0,0.4,0.4,0.6,0.667,0.2,1.8,2.0,1.4,0.8,0.6,0.2,0.0,1.8,1.6,8.4,0.6,14.5,0,0,15.4,116,132,53,157,62,91,87,107,36,46,44,136,132,118,151,117,121,91,99,79,111,135,99,72,89,63,108,58,5,98
201587,Nicolas Batum,Nicolas,1610612746,LAC,34.0,5,1,4,0.2,18.3,1.6,3.8,0.421,1.2,3.4,0.353,0.0,0.0,0.0,0.2,2.0,2.2,1.2,0.4,0.4,0.4,0.2,2.0,0.2,4.4,-5.6,10.8,0,0,10.6,116,132,53,157,112,129,130,122,75,86,74,162,164,162,151,106,117,98,142,117,67,105,85,172,129,190,130,58,5,128
203999,Nikola Jokic,Nikola,1610612743,DEN,28.0,15,12,3,0.8,38.9,11.4,21.2,0.538,1.8,3.8,0.474,5.3,6.8,0.784,4.0,9.3,13.3,10.3,3.5,1.1,0.9,1.1,3.5,6.7,29.9,8.7,63.7,13,8,59.3,20,1,137,12,11,3,8,40,49,77,23,11,9,84,4,2,2,1,11,32,27,24,7,5,5,2,1,1,1,1
1631107,Nikola Jovic,Nikola,1610612748,MIA,19.0,4,2,2,0.5,2.5,0.3,0.8,0.333,0.0,0.5,0.0,0.0,0.0,0.0,0.3,0.8,1.0,0.0,0.0,0.0,0.0,0.0,0.0,0.0,0.5,0.8,1.7,0,0,1.5,151,103,164,74,204,181,195,165,153,160,153,162,164,162,144,166,156,184,182,159,145,135,188,182,188,60,189,58,5,191
1626181,Norman Powell,Norman,1610612746,LAC,30.0,5,1,4,0.2,33.5,7.2,15.2,0.474,2.6,6.4,0.406,4.8,6.2,0.774,0.8,2.2,3.0,2.2,1.6,0.8,0.4,1.8,3.2,4.4,21.8,-2.6,30.7,0,0,32.0,116,132,53,157,49,27,30,81,18,21,42,15,12,87,77,99,97,62,48,58,67,4,19,24,25,144,42,58,5,35
1630167,Obi Toppin,Obi,1610612752,NYK,25.0,11,6,5,0.545,15.9,2.7,6.4,0.429,1.2,3.9,0.302,0.4,0.5,0.8,0.9,2.6,3.5,0.6,0.7,0.7,0.3,0.1,1.1,0.3,7.0,-0.3,14.5,0,0,14.4,46,43,26,62,127,98,96,107,79,73,107,137,145,79,70,89,86,140,110,67,97,127,137,160,101,89,109,58,5,106
1630209,Omer Yurtseven,Omer,1610612748,MIA,24.0,5,3,2,0.6,2.7,0.4,1.2,0.333,0.0,0.2,0.0,0.0,0.0,0.0,0.4,0.4,0.8,0.2,0.2,0.0,0.2,0.0,0.4,0.0,0.8,-0.8,2.5,0,0,2.2,116,87,164,44,198,177,178,165,153,172,153,162,164,162,125,185,173,175,166,159,111,135,176,182,182,102,184,58,5,184
1630168,Onyeka Okongwu,Onyeka,1610612737,ATL,22.0,6,2,4,0.333,21.9,2.5,4.2,0.6,0.2,0.2,1.0,0.8,1.7,0.5,3.2,3.2,6.3,1.2,1.2,0.3,1.3,0.3,3.0,1.7,6.0,-2.3,19.2,0,0,17.0,94,103,53,126,96,103,123,18,140,175,1,96,72,145,9,70,38,101,64,126,12,81,21,67,115,140,86,58,5,93
200782,P.J. Tucker,P.J.,1610612755,PHI,38.0,11,7,4,0.636,26.7,1.7,4.6,0.373,1.3,3.6,0.35,0.2,0.3,0.667,1.6,2.9,4.5,1.5,0.5,1.2,0.3,0.1,2.5,1.2,4.9,-0.9,16.5,0,0,15.1,46,33,53,34,76,125,113,155,73,82,77,154,156,118,33,81,66,88,137,28,97,127,46,91,124,106,95,58,5,101
1628408,PJ Dozier,PJ,1610612758,SAC,26.0,3,1,2,0.333,2.0,1.0,2.0,0.5,0.7,1.3,0.5,0.0,0.0,0.0,0.3,0.3,0.7,0.0,0.0,0.0,0.0,0.0,0.0,0.3,2.7,2.7,3.5,0,0,4.0,174,132,164,126,211,146,155,57,109,128,12,162,164,162,130,188,180,184,182,159,145,135,188,153,151,35,168,58,5,164
1626192,Pat Connaughton,Pat,1610612749,MIL,30.0,4,1,3,0.25,22.1,4.3,7.5,0.567,2.8,5.8,0.478,0.8,1.0,0.75,1.0,4.0,5.0,1.8,0.5,1.0,0.3,0.0,2.5,1.3,12.0,-5.3,23.9,0,0,24.0,151,132,137,150,94,66,81,30,16,31,22,103,98,95,64,55,56,78,126,38,100,135,49,86,60,184,64,58,5,59
1631116,Patrick Baldwin Jr.,Patrick,1610612744,GSW,20.0,3,1,2,0.333,3.8,0.0,1.0,0.0,0.0,1.0,0.0,0.0,0.0,0.0,0.0,1.0,1.0,0.3,0.0,0.0,0.0,0.0,0.0,0.0,0.0,-1.3,1.7,0,0,1.3,174,132,164,126,178,189,181,189,153,133,153,162,164,162,165,142,156,161,182,159,145,135,188,182,194,117,189,58,5,193
201988,Patty Mills,Patty,1610612751,BKN,34.0,1,0,1,0.0,5.3,0.0,2.0,0.0,0.0,2.0,0.0,0.0,0.0,0.0,0.0,0.0,0.0,0.0,0.0,0.0,0.0,0.0,1.0,1.0,0.0,-1.0,0.0,0,0,0.0,202,188,183,188,168,189,155,189,153,112,153,162,164,162,165,198,201,184,182,159,145,135,139,102,194,108,210,58,5,210
1630194,Paul Reed,Paul,1610612755,PHI,23.0,11,7,4,0.636,14.3,2.0,3.5,0.579,0.0,0.0,0.0,0.6,0.6,1.0,2.5,3.0,5.5,0.6,0.5,0.5,0.4,0.3,1.4,0.5,4.6,0.5,14.3,2,0,12.5,46,33,53,34,131,116,136,24,153,182,153,113,130,1,18,74,50,140,125,94,76,92,130,134,126,65,110,20,5,118
1630202,Payton Pritchard,Payton,1610612738,BOS,25.0,9,6,3,0.667,5.9,1.3,2.3,0.571,0.4,1.0,0.444,0.4,0.6,0.8,0.0,0.7,0.7,1.2,0.6,0.1,0.0,0.0,0.3,0.3,3.6,1.0,6.0,0,0,6.1,69,43,137,29,163,135,149,28,124,133,29,132,135,79,165,172,180,97,123,156,145,135,178,153,137,55,146,58,5,142
1631212,Peyton Watson,Peyton,1610612743,DEN,20.0,4,4,0,1.0,3.3,0.5,1.3,0.4,0.3,0.5,0.5,0.0,0.0,0.0,0.3,0.8,1.0,0.3,0.3,0.0,0.3,0.0,0.5,0.3,1.3,-1.5,3.3,0,0,3.3,151,75,206,1,192,168,175,133,131,160,12,162,164,162,144,166,156,169,160,159,100,135,168,162,172,119,170,58,5,172
1629656,Quentin Grimes,Quentin,1610612752,NYK,23.0,9,4,5,0.444,26.9,1.6,5.1,0.304,1.0,4.1,0.243,1.0,1.2,0.818,0.3,2.4,2.8,1.4,1.1,1.0,0.6,0.2,1.9,1.0,5.1,2.0,14.2,0,0,13.4,69,75,26,107,75,131,107,172,90,66,134,84,90,75,130,95,109,89,69,38,46,103,95,102,122,42,111,58,5,112
1629628,RJ Barrett,RJ,1610612752,NYK,22.0,11,6,5,0.545,34.3,6.5,14.9,0.433,1.8,5.5,0.328,4.5,5.9,0.769,0.5,4.0,4.5,2.8,2.3,0.8,0.2,1.2,2.3,3.5,19.3,-2.1,29.6,0,0,30.4,46,43,26,62,45,36,31,103,48,37,100,17,17,88,123,55,68,49,28,53,127,17,68,35,29,135,46,58,5,42
203526,Raul Neto,Raul,1610612739,CLE,31.0,2,1,1,0.5,3.5,0.0,0.5,0.0,0.0,0.5,0.0,0.5,1.0,0.5,0.0,0.0,0.0,0.5,1.0,0.0,0.0,0.0,1.0,0.5,0.5,-2.0,0.3,0,0,1.0,184,132,183,74,189,189,200,189,153,160,153,122,98,145,165,198,201,148,71,159,145,135,139,136,188,130,207,58,5,197
202704,Reggie Jackson,Reggie,1610612743,DEN,33.0,5,5,0,1.0,3.3,0.2,0.2,1.0,0.2,0.2,1.0,0.0,0.0,0.0,0.0,0.2,0.2,0.2,0.2,0.2,0.0,0.0,0.0,0.0,0.6,-0.4,1.5,0,0,1.6,116,66,206,1,191,185,207,1,137,172,1,162,164,162,165,192,198,175,166,144,145,135,188,182,187,92,191,58,5,190
201937,Ricky Rubio,Ricky,1610612739,CLE,32.0,3,0,3,0.0,5.7,0.0,0.3,0.0,0.0,0.0,0.0,0.0,0.0,0.0,0.7,1.3,2.0,1.0,1.7,0.3,0.0,0.0,1.7,0.0,0.0,-2.3,3.2,0,0,3.7,174,188,137,188,165,189,205,189,153,182,153,162,164,162,91,134,121,107,46,126,145,135,111,182,194,140,172,58,5,168
203496,Robert Covington,Robert,1610612746,LAC,32.0,2,0,2,0.0,6.0,0.0,1.5,0.0,0.0,1.0,0.0,0.0,0.0,0.0,0.0,1.0,1.0,1.0,0.0,0.0,0.5,0.0,1.0,0.0,0.0,-3.0,4.2,0,0,3.0,184,188,164,188,162,189,169,189,153,133,153,162,164,162,165,142,156,107,182,159,48,135,139,182,194,149,162,58,5,173
1629057,Robert Williams III,Robert,1610612738,BOS,25.0,18,10,8,0.556,21.4,3.3,4.2,0.787,0.0,0.1,0.0,0.9,1.4,0.68,1.8,4.1,5.9,1.0,0.9,0.5,1.3,0.3,2.2,1.2,7.5,1.6,20.5,1,0,17.9,1,17,1,54,100,88,123,6,153,181,153,91,83,117,29,51,42,107,93,97,14,91,70,93,96,46,79,33,5,90
201577,Robin Lopez,Robin,1610612739,CLE,35.0,2,1,1,0.5,3.0,1.5,1.5,1.0,0.0,0.0,0.0,1.0,1.0,1.0,0.5,0.0,0.5,0.0,0.5,0.0,0.0,0.0,1.0,0.5,4.0,1.5,4.1,0,0,4.5,184,132,183,74,193,132,169,1,153,182,153,84,98,1,112,198,183,184,126,159,145,135,139,136,133,49,165,58,5,158
1626220,Royce O'Neale,Royce,1610612751,BKN,29.0,4,0,4,0.0,29.5,1.8,7.3,0.241,1.0,5.5,0.182,0.5,0.5,1.0,1.0,3.3,4.3,3.5,1.0,1.3,0.3,0.3,2.8,1.3,5.0,-10.0,18.9,0,0,16.8,151,188,53,188,64,124,85,182,90,39,143,122,137,1,64,66,73,40,71,25,100,95,37,86,123,213,89,58,5,94
203497,Rudy Gobert,Rudy,1610612750,MIN,30.0,5,1,4,0.2,35.4,5.8,9.2,0.63,0.0,0.0,0.0,3.4,5.4,0.63,3.6,8.6,12.2,2.0,1.6,0.4,1.0,0.6,4.8,4.2,15.0,-3.6,35.2,3,0,32.0,116,132,53,157,41,42,61,13,153,182,153,31,24,134,5,5,4,66,48,117,20,54,1,26,45,162,30,13,5,35
1629060,Rui Hachimura,Rui,1610612747,LAL,25.0,16,8,8,0.5,24.3,4.6,8.2,0.557,1.2,2.4,0.487,1.9,2.1,0.882,0.6,3.1,3.6,0.6,0.6,0.5,0.3,0.6,1.6,1.5,12.2,1.2,19.1,0,0,19.1,8,25,1,74,90,59,77,33,78,107,19,51,56,44,109,73,85,142,117,97,100,58,116,77,59,54,87,58,5,84
201566,Russell Westbrook,Russell,1610612746,LAC,34.0,5,1,4,0.2,38.5,8.6,21.0,0.41,2.0,5.6,0.357,4.4,5.0,0.88,1.8,5.8,7.6,7.4,4.0,1.2,1.4,1.2,3.0,4.6,23.6,-5.4,47.6,1,0,45.8,116,132,53,157,18,19,10,129,36,33,72,21,26,46,27,21,24,7,2,27,9,16,21,19,17,188,12,33,5,14
1630180,Saddiq Bey,Saddiq,1610612737,ATL,24.0,6,2,4,0.333,22.1,2.5,6.7,0.375,1.2,3.0,0.389,1.3,1.5,0.889,1.2,2.8,4.0,1.0,0.3,0.5,0.0,0.5,0.5,1.2,7.5,-5.7,15.0,0,0,14.7,94,103,53,126,93,103,90,151,80,94,50,65,76,42,54,83,76,107,147,97,145,63,168,93,96,192,104,58,5,103
1630573,Sam Hauser,Sam,1610612738,BOS,25.0,13,8,5,0.615,7.6,0.7,2.0,0.346,0.6,1.7,0.364,0.2,0.2,1.0,0.3,0.9,1.2,0.3,0.0,0.1,0.2,0.1,0.6,0.1,2.2,1.9,4.8,0,0,4.8,32,25,26,43,156,165,155,161,113,121,67,159,162,1,140,156,153,168,182,158,132,131,165,181,160,43,157,58,5,156
1630583,Santi Aldama,Santi,1610612763,MEM,22.0,6,2,4,0.333,16.8,2.5,5.5,0.455,1.2,2.5,0.467,0.3,0.3,1.0,1.2,3.2,4.3,1.2,0.3,0.5,0.0,0.2,0.8,0.8,6.5,-6.3,14.6,0,0,14.2,94,103,53,126,121,103,105,94,80,104,25,138,151,1,54,70,71,101,147,97,145,117,155,121,107,199,107,58,5,108
203552,Seth Curry,Seth,1610612751,BKN,32.0,3,0,3,0.0,19.4,3.3,6.3,0.526,1.0,3.0,0.333,0.7,1.0,0.667,0.0,1.0,1.0,2.0,0.3,0.0,0.0,0.0,0.7,1.0,8.3,-4.7,12.2,0,0,12.3,174,188,137,188,108,85,97,45,90,94,83,109,98,118,165,142,156,66,147,159,145,135,163,102,90,178,120,58,5,120
1629003,Shake Milton,Shake,1610612755,PHI,26.0,6,3,3,0.5,3.5,0.5,0.8,0.6,0.0,0.2,0.0,0.3,0.3,1.0,0.0,0.5,0.5,0.3,0.2,0.3,0.0,0.0,0.5,0.3,1.3,-0.7,3.3,0,0,2.8,94,87,137,74,186,168,193,18,153,175,153,138,151,1,165,175,183,161,173,126,145,135,168,153,171,98,171,58,5,176
1627885,Shaquille Harrison,Shaquille,1610612747,LAL,29.0,8,3,5,0.375,3.5,0.5,0.9,0.571,0.1,0.1,1.0,0.1,0.3,0.5,0.0,0.4,0.4,1.1,0.0,0.3,0.0,0.1,0.4,0.1,1.3,0.3,4.1,0,0,3.4,73,87,26,125,188,168,192,28,150,179,1,161,157,145,165,186,192,105,182,136,145,126,177,176,172,70,164,58,5,170
203915,Spencer Dinwiddie,Spencer,1610612751,BKN,30.0,4,0,4,0.0,39.8,5.5,12.8,0.431,1.8,4.5,0.389,3.8,5.5,0.682,0.3,3.0,3.3,6.5,3.0,1.3,0.3,1.0,1.8,4.5,16.5,-7.5,31.7,0,0,31.0,151,188,53,188,6,44,44,105,51,58,50,30,22,115,144,74,92,13,17,25,100,25,104,22,42,208,38,58,5,39
201939,Stephen Curry,Stephen,1610612744,GSW,35.0,13,6,7,0.462,37.9,11.2,23.9,0.466,4.4,12.1,0.363,3.8,4.5,0.845,0.7,4.5,5.2,6.1,3.2,1.0,0.5,1.0,2.6,4.5,30.5,3.6,46.9,2,1,49.0,32,43,15,101,25,4,2,82,1,1,69,29,31,65,89,42,55,18,15,38,61,25,42,20,4,23,14,20,2,8
203933,T.J. Warren,T.J.,1610612756,PHX,29.0,6,4,2,0.667,13.4,1.0,3.2,0.316,0.2,1.2,0.143,0.5,0.7,0.75,0.3,0.8,1.2,0.5,0.2,0.2,0.5,0.2,0.8,0.5,2.7,1.5,6.7,0,0,5.8,94,75,164,29,134,146,142,169,140,131,147,122,127,95,130,162,155,148,173,148,48,117,155,136,151,49,141,58,5,145
1627752,Taurean Prince,Taurean,1610612750,MIN,29.0,5,1,4,0.2,20.0,2.4,6.6,0.364,1.6,4.2,0.381,1.4,1.8,0.778,0.6,0.8,1.4,0.8,1.0,0.6,0.2,0.4,1.8,1.0,7.8,-7.0,12.1,0,0,13.2,116,132,53,157,104,108,91,156,59,64,56,63,66,86,102,164,144,125,71,79,111,71,99,102,95,204,122,58,5,114
1629611,Terance Mann,Terance,1610612746,LAC,26.0,5,1,4,0.2,26.6,3.8,6.6,0.576,1.8,3.8,0.474,1.2,1.8,0.667,1.4,1.8,3.2,2.2,1.8,0.8,0.2,0.4,3.4,1.8,10.6,3.8,18.9,0,0,19.8,116,132,53,157,77,74,91,27,49,77,23,73,66,118,44,117,94,62,43,58,111,71,11,63,68,19,88,58,5,80
1629056,Terence Davis,Terence,1610612758,SAC,26.0,4,2,2,0.5,14.4,2.0,5.0,0.4,1.5,4.3,0.353,0.5,0.5,1.0,0.5,1.8,2.3,1.5,0.5,0.3,0.0,0.3,3.0,0.5,6.0,-1.5,11.2,0,0,11.8,151,103,164,74,129,116,108,133,64,61,74,122,137,1,112,120,115,85,126,136,145,95,21,136,115,119,127,58,5,124
203082,Terrence Ross,Terrence,1610612756,PHX,32.0,6,2,4,0.333,11.5,1.3,4.5,0.296,1.0,3.7,0.273,0.0,0.0,0.0,0.0,1.3,1.3,0.2,0.2,0.2,0.3,0.0,1.0,0.0,3.7,-1.0,6.9,0,0,7.2,94,103,53,126,141,135,118,174,90,81,118,162,164,162,165,134,148,180,173,148,78,135,139,182,136,108,140,58,5,137
203648,Thanasis Antetokounmpo,Thanasis,1610612749,MIL,30.0,2,1,1,0.5,2.6,0.0,0.0,0.0,0.0,0.0,0.0,0.0,0.0,0.0,0.0,0.0,0.0,0.0,0.0,0.0,0.0,0.0,0.0,0.0,0.0,0.0,0.0,0,0,0.0,184,132,183,74,200,189,208,189,153,182,153,162,164,162,165,198,201,184,182,159,145,135,188,182,194,76,210,58,5,210
202699,Tobias Harris,Tobias,1610612755,PHI,30.0,11,7,4,0.636,35.6,6.4,12.2,0.522,1.4,3.7,0.366,1.2,1.4,0.867,1.5,5.7,7.3,1.6,0.7,0.6,0.5,0.7,2.5,1.2,15.3,-0.8,29.3,3,0,27.9,46,33,53,34,40,39,47,47,68,79,66,78,86,50,39,23,27,81,110,76,47,47,46,91,44,104,47,13,5,48
1628470,Torrey Craig,Torrey,1610612756,PHX,32.0,11,6,5,0.545,16.7,2.4,4.1,0.578,1.0,2.3,0.44,0.7,0.8,0.889,0.6,1.6,2.3,0.5,0.3,0.5,0.2,0.0,2.1,0.5,6.5,0.1,11.6,0,0,11.5,46,43,26,62,122,111,125,26,90,111,31,105,120,42,98,124,114,147,159,110,127,135,82,148,109,73,125,58,5,126
1629027,Trae Young,Trae,1610612737,ATL,24.0,6,2,4,0.333,38.3,10.0,24.8,0.403,3.0,9.0,0.333,6.2,7.2,0.86,0.8,2.8,3.7,10.2,4.0,1.7,0.7,2.2,1.8,6.0,29.2,-6.2,51.8,3,0,50.7,94,103,53,126,19,8,1,132,5,3,83,7,7,57,74,83,82,2,2,13,38,2,97,8,6,195,6,13,5,5
1626168,Trey Lyles,Trey,1610612758,SAC,27.0,7,3,4,0.429,16.8,2.4,5.7,0.425,1.3,3.9,0.333,0.4,0.7,0.6,1.3,4.4,5.7,0.7,0.4,0.3,0.0,0.1,1.7,1.4,6.6,2.9,14.9,0,0,14.9,79,87,53,109,120,106,104,116,71,74,83,134,125,137,46,43,45,135,140,134,145,122,109,80,106,32,106,58,5,102
202684,Tristan Thompson,Tristan,1610612747,LAL,32.0,6,2,4,0.333,5.4,0.8,1.8,0.455,0.0,0.0,0.0,0.2,0.8,0.2,0.7,1.0,1.7,0.3,0.2,0.0,0.0,0.0,0.2,0.8,1.8,1.3,4.2,0,0,3.8,94,103,53,126,167,160,166,94,153,182,153,155,118,161,91,142,135,161,173,159,145,135,186,121,164,52,163,58,5,167
1628972,Troy Brown Jr.,Troy,1610612747,LAL,23.0,12,7,5,0.583,10.4,0.8,2.3,0.357,0.2,1.3,0.133,0.0,0.0,0.0,0.3,1.7,2.0,0.9,0.0,0.2,0.1,0.0,0.3,0.1,1.8,-1.4,6.4,0,0,5.4,41,33,26,51,144,160,149,158,140,129,150,162,164,162,130,123,121,121,182,148,142,135,178,179,164,118,145,58,5,149
1629639,Tyler Herro,Tyler,1610612748,MIA,23.0,1,1,0,1.0,19.5,5.0,9.0,0.556,2.0,4.0,0.5,0.0,0.0,0.0,0.0,2.0,2.0,2.0,1.0,0.0,1.0,0.0,1.0,0.0,12.0,13.0,19.4,0,0,20.0,202,132,206,1,107,51,62,34,36,67,12,162,164,162,165,106,121,66,71,159,20,135,139,182,60,1,85,58,5,78
1630178,Tyrese Maxey,Tyrese,1610612755,PHI,22.0,11,7,4,0.636,38.5,7.5,17.5,0.427,3.1,7.7,0.4,2.5,2.8,0.903,0.8,4.0,4.8,2.3,0.7,1.4,0.5,1.0,2.4,1.8,20.5,0.4,34.5,0,0,34.4,46,33,53,34,17,25,22,114,4,11,44,38,43,37,75,55,62,60,110,21,63,25,64,62,27,68,32,58,5,31
1626145,Tyus Jones,Tyus,1610612763,MEM,27.0,6,2,4,0.333,20.0,1.8,6.0,0.306,0.5,3.2,0.158,0.3,0.5,0.667,0.5,2.5,3.0,3.7,1.3,1.3,0.0,0.0,0.8,1.0,4.5,-3.2,16.3,0,0,14.3,94,103,53,126,103,122,100,171,116,92,146,138,137,118,112,93,97,35,56,22,145,135,155,102,128,154,98,58,5,107
2617,Udonis Haslem,Udonis,1610612748,MIA,42.0,1,1,0,1.0,2.5,0.0,2.0,0.0,0.0,1.0,0.0,0.0,0.0,0.0,0.0,1.0,1.0,0.0,0.0,0.0,0.0,0.0,0.0,0.0,0.0,-5.0,1.2,0,0,1.0,202,132,206,1,206,189,155,189,153,133,153,162,164,162,165,142,156,184,182,159,145,135,188,182,194,181,197,58,5,197
203506,Victor Oladipo,Victor,1610612748,MIA,31.0,2,1,1,0.5,22.7,5.0,9.5,0.526,1.0,2.5,0.4,0.5,1.5,0.333,0.5,3.0,3.5,1.0,1.0,1.0,0.5,0.0,2.5,1.5,11.5,0.0,20.7,0,0,20.0,184,132,183,74,92,51,60,45,90,104,44,122,76,160,112,74,87,107,71,38,48,135,49,77,65,76,78,58,5,78
1628427,Vlatko Cancar,Vlatko,1610612743,DEN,26.0,4,4,0,1.0,2.4,0.0,1.3,0.0,0.0,1.0,0.0,0.0,0.0,0.0,0.0,0.8,0.8,0.3,0.0,0.0,0.0,0.0,0.0,0.0,0.0,-2.3,1.3,0,0,1.0,151,75,206,1,207,189,175,189,153,133,153,162,164,162,165,166,176,169,182,159,145,135,188,182,194,136,194,58,5,197
1631111,Wendell Moore Jr.,Wendell,1610612750,MIN,21.0,1,0,1,0.0,2.1,0.0,0.0,0.0,0.0,0.0,0.0,0.0,0.0,0.0,0.0,0.0,0.0,0.0,1.0,0.0,0.0,0.0,0.0,0.0,0.0,1.0,-1.0,0,0,0.0,202,188,183,188,210,189,208,189,153,182,153,162,164,162,165,198,201,184,71,159,145,135,188,182,194,55,215,58,5,210
1629117,Wenyen Gabriel,Wenyen,1610612747,LAL,26.0,10,6,4,0.6,3.7,0.4,1.0,0.4,0.0,0.0,0.0,0.2,0.3,0.667,0.8,0.1,0.9,0.0,0.2,0.2,0.3,0.0,0.8,0.3,1.0,-1.0,3.4,0,0,2.9,63,43,53,44,181,177,181,133,153,182,153,152,154,118,77,197,171,184,166,144,91,135,160,158,178,108,169,58,5,174
202083,Wesley Matthews,Wesley,1610612749,MIL,36.0,2,0,2,0.0,20.6,2.0,4.5,0.444,2.0,3.5,0.571,0.0,0.0,0.0,0.5,1.0,1.5,0.5,0.0,1.0,0.5,0.5,1.5,1.0,6.0,-16.0,13.1,0,0,13.0,184,188,164,188,102,116,118,100,36,85,9,162,164,162,112,142,140,148,182,38,48,63,119,102,115,216,116,58,5,117
1630214,Xavier Tillman,Xavier,1610612763,MEM,24.0,6,2,4,0.333,30.5,4.0,7.5,0.533,0.2,0.7,0.25,0.5,0.8,0.6,2.8,5.2,8.0,3.2,0.7,0.7,0.7,1.3,2.8,0.8,8.7,-0.8,26.4,1,0,22.7,94,103,53,126,58,69,81,42,140,155,126,122,118,137,13,30,20,43,114,71,38,12,33,121,85,105,56,33,5,66
1629139,Yuta Watanabe,Yuta,1610612751,BKN,28.0,1,0,1,0.0,4.7,1.0,2.0,0.5,1.0,2.0,0.5,0.0,2.0,0.0,0.0,1.0,1.0,0.0,1.0,0.0,0.0,0.0,0.0,1.0,3.0,-4.0,3.2,0,0,5.0,202,188,183,188,171,146,155,57,90,112,12,162,57,162,165,142,156,184,71,159,145,135,188,102,144,167,174,58,5,152
1630192,Zeke Nnaji,Zeke,1610612743,DEN,22.0,4,4,0,1.0,2.9,0.5,1.0,0.5,0.3,0.8,0.333,0.0,0.0,0.0,0.0,0.5,0.5,0.0,0.3,0.3,0.0,0.0,0.0,0.0,1.3,-1.5,2.4,0,0,2.5,151,75,206,1,197,168,181,57,131,150,83,162,164,162,165,175,183,184,160,136,145,135,188,182,172,119,186,58,5,180
1630533,Ziaire Williams,Ziaire,1610612763,MEM,21.0,4,2,2,0.5,3.0,0.5,1.8,0.286,0.3,0.8,0.333,0.0,0.0,0.0,0.0,0.5,0.5,0.5,0.5,0.0,0.0,0.3,0.3,0.3,1.3,-2.3,2.1,0,0,2.5,151,103,164,74,194,168,168,176,131,150,83,162,164,162,165,175,183,148,126,159,145,95,182,162,172,136,187,58,5,180
